Data,vento,radiacao,temp_max,temp_min,umi_max,umi_min,umi_rel,press_atm,temp_media
2018-01-01,1.2154204971479095,0.0,29.8,20.3,92.0,40.0,75.375,916.4916666666667,23.59583333333333
2018-01-02,1.4086411915662949,0.0,29.8,19.4,92.0,49.0,71.58333333333333,914.3500000000003,23.9125
2018-01-03,1.2808662162251039,0.0,30.1,18.7,93.0,47.0,74.16666666666667,913.7458333333333,23.760416666666664
2018-01-04,0.9879187117843263,0.0,22.4,18.8,93.0,85.0,91.16666666666667,916.4916666666668,20.397916666666664
2018-01-05,0.9255894555203307,0.0,28.0,19.0,93.0,58.0,85.95833333333333,918.8625000000003,21.172916666666666
2018-01-06,0.8165132570583391,0.0,27.3,17.7,92.0,57.0,79.45833333333333,918.5916666666668,21.458333333333332
2018-01-07,1.0284327283559231,0.0,29.7,19.1,92.0,46.0,73.375,917.5166666666668,23.37291666666667
2018-01-08,2.0537489938986466,0.0,29.0,20.2,80.0,34.0,60.708333333333336,918.995833333333,24.227083333333336
2018-01-09,2.3092989445810272,0.0,29.2,19.7,73.0,39.0,55.583333333333336,920.9708333333333,23.741666666666667
2018-01-10,2.2282709114378343,0.0,29.4,20.3,77.0,38.0,58.208333333333336,921.7000000000002,24.422916666666666
2018-01-11,2.0724477707778455,0.0,27.7,19.6,77.0,44.0,60.166666666666664,920.7791666666667,23.452083333333334
2018-01-12,1.2216534227743088,0.0,29.7,19.8,74.0,39.0,60.666666666666664,918.3666666666668,23.650000000000006
2018-01-13,1.2746332905987048,0.0,30.1,19.9,77.0,34.0,59.25,917.0916666666668,24.322916666666664
2018-01-14,1.168673554949912,0.0,28.5,19.4,90.0,54.0,74.70833333333333,918.4833333333332,22.78958333333334
2018-01-15,0.8258626454979383,0.0,29.8,18.9,89.0,47.0,72.33333333333333,918.9916666666667,23.239583333333336
2018-01-16,1.3712436378078976,0.0,30.7,19.1,90.0,38.0,63.416666666666664,919.7833333333334,25.022916666666667
2018-01-17,1.7701508778974677,0.0,30.2,19.7,77.0,35.0,56.583333333333336,919.5291666666667,25.202083333333334
2018-01-18,1.4179905800058943,0.0,30.7,19.5,68.0,27.0,46.125,919.7541666666666,25.085416666666667
2018-01-19,1.299564993104303,0.0,32.4,20.2,69.0,23.0,45.541666666666664,919.2791666666668,25.975
2018-01-20,1.312030844357102,0.0,32.4,21.3,61.0,19.0,39.833333333333336,918.3333333333334,26.854166666666664
2018-01-21,1.5987454231714806,0.0,32.2,21.8,51.0,21.0,37.0,917.6000000000003,26.704166666666666
2018-01-22,1.7109380844466722,0.0,31.1,21.9,77.0,34.0,53.75,916.3791666666666,25.489583333333336
2018-01-23,1.5332997040942857,0.0,29.7,20.4,88.0,45.0,64.54166666666667,916.9625000000001,24.02708333333333
2018-01-24,1.4179905800058943,0.0,30.6,20.8,83.0,38.0,59.958333333333336,916.7666666666668,24.639583333333334
2018-01-25,2.1784075064266375,0.0,29.8,20.7,73.0,38.0,56.541666666666664,915.8083333333333,24.795833333333334
2018-01-26,1.5052515387754877,0.0,31.3,20.1,66.0,30.0,50.875,915.4208333333335,25.162499999999998
2018-01-27,1.60809481161108,0.0,30.9,21.7,71.0,33.0,53.0,915.5,25.71666666666667
2018-01-28,1.5862795719186813,0.0,32.3,20.5,80.0,29.0,56.625,915.3041666666668,25.677083333333332
2018-01-29,1.121926612751916,0.0,30.5,19.8,91.0,44.0,63.625,914.0583333333333,25.031249999999996
2018-01-30,0.8414449595639373,0.0,29.4,18.7,93.0,55.0,83.08333333333333,913.1875,22.97083333333333
2018-01-31,0.7136699842227467,0.0,27.9,19.7,93.0,59.0,86.54166666666667,913.2833333333333,21.922916666666666
2018-02-01,0.9255894555203307,0.0,25.9,18.1,91.0,69.0,84.41666666666667,914.4999999999999,20.735416666666666
2018-02-02,1.121926612751916,0.0,21.6,18.3,92.0,81.0,90.20833333333333,913.7458333333334,19.922916666666666
2018-02-03,1.312030844357102,0.0,28.1,18.0,93.0,55.0,84.79166666666667,912.2916666666665,20.654166666666665
2018-02-04,1.4024082659398958,0.0,21.9,18.1,91.0,76.0,85.20833333333333,914.5208333333335,19.625
2018-02-05,0.9848022489711261,0.0,22.4,17.6,93.0,80.0,89.70833333333333,913.775,19.237499999999997
2018-02-06,1.019083339916324,0.0,27.2,18.6,93.0,59.0,85.33333333333333,913.4541666666665,21.025000000000006
2018-02-07,0.897541290201533,0.0,28.0,18.3,93.0,50.0,80.16666666666667,914.6833333333333,21.84166666666667
2018-02-08,0.8009309429923401,0.0,31.2,18.4,93.0,41.0,70.125,916.0291666666666,23.75625
2018-02-09,1.8262472085350636,0.0,31.3,20.6,83.0,40.0,66.95833333333333,917.5375,24.583333333333336
2018-02-10,1.1468583152575145,0.0,30.0,21.2,90.0,50.0,75.45833333333333,918.2875000000003,23.5
2018-02-11,1.5800466462922818,0.0,30.2,20.6,86.0,42.0,68.04166666666667,918.1833333333329,24.5
2018-02-12,1.4647375222038908,0.0,30.1,19.2,69.0,29.0,52.333333333333336,917.7499999999999,24.31041666666667
2018-02-13,1.5925124975450813,0.0,29.8,20.2,75.0,36.0,55.208333333333336,918.3291666666665,24.989583333333332
2018-02-14,1.7483356382050694,0.0,29.5,20.7,77.0,35.0,56.666666666666664,919.9958333333335,24.84166666666667
2018-02-15,1.950905721063054,0.0,28.6,18.6,78.0,42.0,57.875,921.1958333333333,23.870833333333334
2018-02-16,1.5862795719186817,0.0,28.7,19.1,90.0,40.0,64.5,921.5375000000003,23.337500000000006
2018-02-17,1.5395326297206848,0.0,28.7,19.0,82.0,44.0,64.125,919.7291666666669,23.172916666666666
2018-02-18,1.4179905800058938,0.0,30.6,19.6,81.0,39.0,62.291666666666664,917.3541666666666,24.10416666666667
2018-02-19,1.3681271749946977,0.0,28.3,20.8,90.0,53.0,70.54166666666667,915.9208333333335,23.6625
2018-02-20,0.9100071414543319,0.0,28.6,19.2,91.0,54.0,81.29166666666667,915.9208333333335,22.183333333333337
2018-02-21,0.9224729927071313,0.0,28.3,19.6,91.0,59.0,82.08333333333333,915.3541666666669,22.591666666666665
2018-02-22,0.7759992404867421,0.0,25.3,19.2,92.0,69.0,87.625,915.5124999999998,20.983333333333334
2018-02-23,0.5983608601343553,0.0,27.7,18.7,92.0,53.0,80.66666666666667,916.8083333333334,21.727083333333333
2018-02-24,1.5177173900282868,0.0,29.1,18.7,93.0,49.0,77.25,917.6208333333334,22.895833333333336
2018-02-25,1.551998480973484,0.0,28.2,18.5,92.0,54.0,76.41666666666667,918.4000000000001,22.227083333333333
2018-02-26,1.4148741171926942,0.0,29.2,20.1,89.0,52.0,75.70833333333333,918.4166666666669,22.647916666666667
2018-02-27,1.121926612751916,0.0,29.6,19.6,89.0,48.0,70.54166666666667,918.0291666666666,23.827083333333334
2018-02-28,1.2808662162251043,0.0,30.6,21.2,83.0,46.0,70.08333333333333,916.8791666666667,24.7375
2018-03-01,1.019083339916324,0.0,31.4,19.6,91.0,43.0,69.875,918.6125000000002,24.33125
2018-03-02,1.0035010258503252,0.0,30.0,20.2,92.0,55.0,79.375,918.5541666666668,23.90208333333333
2018-03-03,1.137508926817915,0.0,30.7,19.7,91.0,46.0,75.79166666666667,916.5458333333335,23.989583333333336
2018-03-04,0.9162400670807312,0.0,29.8,20.6,90.0,53.0,77.875,914.6958333333332,23.710416666666667
2018-03-05,1.0502479680483217,0.0,29.2,18.9,93.0,53.0,82.66666666666667,914.2125,22.74166666666667
2018-03-06,0.8476778851903365,0.0,31.8,19.4,93.0,41.0,73.79166666666667,914.2625000000003,24.447916666666668
2018-03-07,1.1717900177631122,0.0,29.8,20.1,92.0,48.0,74.25,914.8708333333334,24.241666666666667
2018-03-08,1.1063442986859173,0.0,30.2,19.8,93.0,47.0,77.29166666666667,914.9708333333334,23.75625
2018-03-09,0.8383284967507374,0.0,24.7,19.4,93.0,68.0,87.25,916.3041666666668,21.472916666666666
2018-03-10,0.9474046952127293,0.0,27.5,20.2,92.0,60.0,82.58333333333333,915.8583333333332,22.54791666666667
2018-03-11,0.9692199349051275,0.0,26.8,19.7,93.0,66.0,87.54166666666667,914.2041666666665,22.00208333333333
2018-03-12,0.894424827388333,0.0,30.4,19.1,93.0,40.0,75.25,913.8625000000001,23.789583333333333
2018-03-13,0.6856218189039487,0.0,31.6,19.3,91.0,39.0,65.54166666666667,915.2791666666664,25.208333333333336
2018-03-14,1.3587777865550983,0.0,31.6,21.7,88.0,44.0,68.16666666666667,917.7125000000001,25.70833333333333
2018-03-15,1.2652839021591051,0.0,31.5,21.1,89.0,39.0,62.833333333333336,918.2041666666669,26.391666666666662
2018-03-16,1.1717900177631124,0.0,31.0,18.6,93.0,45.0,70.25,917.7458333333333,24.68541666666667
2018-03-17,0.8507943480035364,0.0,29.3,19.2,92.0,50.0,81.25,917.2208333333334,22.21875
2018-03-18,1.299564993104303,0.0,29.4,19.0,92.0,45.0,73.125,916.2374999999997,23.145833333333336
2018-03-19,1.1156936871255168,0.0,30.7,19.1,89.0,36.0,67.04166666666667,915.9333333333334,24.43125
2018-03-20,0.7604169264207433,0.0,29.7,19.1,92.0,41.0,71.54166666666667,916.5083333333337,23.879166666666666
2018-03-21,0.6077102485739546,0.0,28.1,20.2,90.0,53.0,74.70833333333333,916.9625000000001,23.016666666666666
2018-03-22,0.7043205957831475,0.0,28.9,19.3,92.0,51.0,81.5,916.8874999999999,22.122916666666672
2018-03-23,1.5551149437866834,0.0,28.4,18.1,92.0,55.0,76.125,917.8583333333335,22.347916666666666
2018-03-24,2.044399605459047,0.0,26.8,19.3,80.0,45.0,67.75,919.4625000000002,22.375
2018-03-25,2.116078250162642,0.0,27.9,18.9,83.0,53.0,69.75,919.7249999999998,22.37291666666667
2018-03-26,1.9415563326234546,0.0,27.5,19.2,81.0,40.0,65.16666666666667,919.8125000000001,22.708333333333336
2018-03-27,1.7389862497654704,0.0,27.9,19.1,81.0,37.0,62.333333333333336,920.5374999999999,22.60208333333333
2018-03-28,1.5831631091054819,0.0,27.6,17.3,86.0,45.0,64.29166666666667,920.2166666666666,22.37291666666667
2018-03-29,1.8542953738538615,0.0,27.6,18.7,82.0,41.0,64.41666666666667,919.5416666666666,22.733333333333334
2018-03-30,1.729636861325871,0.0,28.1,17.7,86.0,38.0,65.16666666666667,918.6833333333333,22.472916666666663
2018-03-31,1.5925124975450813,0.0,27.9,18.6,82.0,42.0,65.79166666666667,918.0833333333335,22.583333333333336
2018-04-01,1.330729621236301,0.0,28.7,17.9,81.0,40.0,64.20833333333333,916.9958333333333,22.870833333333337
2018-04-02,1.1593241665103133,0.0,29.1,19.1,83.0,47.0,66.41666666666667,916.2708333333334,23.6125
2018-04-03,0.9629870092787282,0.0,30.2,19.1,88.0,46.0,70.45833333333333,914.4666666666668,24.129166666666666
2018-04-04,0.8850754389487339,0.0,30.0,19.8,91.0,45.0,74.5,914.4916666666667,23.572916666666664
2018-04-05,1.1499747780707144,0.0,30.5,18.9,91.0,44.0,75.875,914.8625000000002,23.181249999999995
2018-04-06,1.6112112744242795,0.0,26.1,19.3,92.0,50.0,77.04166666666667,916.3083333333334,21.61041666666667
2018-04-07,1.6392594397430773,0.0,28.5,18.6,84.0,45.0,68.75,917.9583333333334,22.5625
2018-04-08,1.8168978200954642,0.0,27.7,19.3,85.0,49.0,69.875,919.1958333333333,22.56458333333333
2018-04-09,1.7950825804030655,0.0,27.0,18.9,84.0,47.0,68.83333333333333,919.9125,22.12083333333333
2018-04-10,1.9103917044914573,0.0,27.0,19.1,82.0,44.0,66.125,920.4708333333333,22.2125
2018-04-11,1.9041587788650574,0.0,26.6,18.2,82.0,45.0,65.0,920.7833333333332,21.695833333333333
2018-04-12,2.175291043613438,0.0,26.5,17.9,78.0,51.0,67.16666666666667,921.4583333333331,20.75416666666667
2018-04-13,1.7514521010182693,0.0,26.7,18.0,84.0,50.0,69.70833333333333,921.8833333333332,21.608333333333334
2018-04-14,1.4366893568850925,0.0,29.3,16.5,90.0,40.0,66.16666666666667,922.3833333333332,22.543750000000003
2018-04-15,1.4522716709510912,0.0,27.4,19.3,81.0,50.0,66.54166666666667,922.5999999999999,22.508333333333333
2018-04-16,2.3030660189546284,0.0,24.4,18.9,80.0,59.0,70.625,921.9708333333334,20.96666666666667
2018-04-17,2.0724477707778446,0.0,24.8,17.2,77.0,45.0,63.25,923.15,20.179166666666667
2018-04-18,2.0132349773270493,0.0,24.9,14.7,84.0,45.0,64.20833333333333,924.7333333333332,19.347916666666666
2018-04-19,1.2154204971479092,0.0,24.6,14.9,86.0,49.0,69.70833333333333,923.9791666666666,19.335416666666667
2018-04-20,1.0502479680483217,0.0,27.3,15.0,88.0,34.0,64.83333333333333,921.6041666666669,20.897916666666667
2018-04-21,1.8013155060294654,0.0,25.1,17.5,79.0,50.0,68.70833333333333,919.7375000000001,20.485416666666666
2018-04-22,2.044399605459047,0.0,25.5,16.8,81.0,46.0,66.66666666666667,920.0875,20.110416666666666
2018-04-23,1.9789538863818523,0.0,24.8,16.0,81.0,49.0,66.20833333333333,921.3416666666668,19.87291666666667
2018-04-24,1.9446727954366547,0.0,25.9,17.3,83.0,51.0,70.0,922.1291666666666,20.639583333333334
2018-04-25,1.7732673407106674,0.0,26.1,16.9,89.0,50.0,70.91666666666667,922.504166666667,21.020833333333336
2018-04-26,1.710938084446672,0.0,27.5,17.5,87.0,43.0,67.0,921.4250000000001,22.070833333333333
2018-04-27,1.8075484316558648,0.0,27.9,18.5,81.0,40.0,64.375,921.1583333333333,22.422916666666673
2018-04-28,1.4740869106434902,0.0,27.6,17.3,87.0,38.0,66.375,921.9499999999999,21.745833333333337
2018-04-29,1.4834362990830892,0.0,26.7,16.3,86.0,41.0,65.33333333333333,921.5375000000003,21.135416666666668
2018-04-30,1.4179905800058943,0.0,27.2,17.0,74.0,36.0,58.083333333333336,921.5166666666665,21.152083333333334
2018-05-01,0.694971207343548,0.0,28.4,14.9,84.0,30.0,55.166666666666664,921.5833333333334,21.381249999999994
2018-05-02,1.2123040343347098,0.0,27.9,13.9,83.0,22.0,52.916666666666664,922.1791666666667,20.895833333333336
2018-05-03,1.3307296212363002,0.0,28.5,16.6,70.0,31.0,51.208333333333336,921.7708333333335,21.6625
2018-05-04,1.4585045965774912,0.0,28.2,16.6,81.0,36.0,58.916666666666664,921.5,21.91875
2018-05-05,1.4647375222038908,0.0,28.4,17.9,82.0,37.0,63.125,922.0458333333332,22.312500000000004
2018-05-06,1.0221998027295236,0.0,27.8,15.6,91.0,42.0,70.75,922.375,21.077083333333334
2018-05-07,1.3338460840495003,0.0,25.9,15.7,87.0,43.0,66.125,922.4791666666665,20.587499999999995
2018-05-08,0.9692199349051276,0.0,26.0,14.9,88.0,47.0,68.33333333333333,921.8916666666668,19.84375
2018-05-09,1.5332997040942857,0.0,25.5,14.8,89.0,47.0,67.79166666666667,922.3416666666667,19.775000000000002
2018-05-10,1.4117576543794947,0.0,25.0,12.9,90.0,45.0,69.41666666666667,922.0833333333334,18.62916666666667
2018-05-11,0.8975412902015331,0.0,27.7,14.5,85.0,36.0,63.375,921.3666666666664,20.28333333333333
2018-05-12,0.7978144801791403,0.0,29.1,15.4,90.0,31.0,64.04166666666667,919.2124999999997,21.24791666666667
2018-05-13,0.560963306375958,0.0,28.3,17.4,82.0,32.0,64.08333333333333,919.0999999999999,21.443749999999998
2018-05-14,2.094263010470243,0.0,26.7,19.0,79.0,45.0,66.41666666666667,920.6916666666667,21.950000000000003
2018-05-15,1.7452191753918698,0.0,26.5,18.1,80.0,44.0,66.875,921.066666666667,21.01875
2018-05-16,1.1811394062027116,0.0,28.0,17.3,85.0,42.0,66.875,919.7625000000002,21.654166666666665
2018-05-17,0.9629870092787282,0.0,26.6,16.8,90.0,54.0,72.08333333333333,919.4625,21.310416666666672
2018-05-18,1.411757654379494,0.0,27.0,18.8,82.0,47.0,70.29166666666667,919.6208333333333,21.666666666666668
2018-05-19,1.4803198362698897,0.0,28.6,17.4,90.0,46.0,76.58333333333333,917.5541666666669,20.610416666666666
2018-05-20,1.551998480973484,0.0,19.1,12.5,93.0,45.0,77.08333333333333,916.7541666666666,16.552083333333336
2018-05-21,0.5,0.0,24.4,8.7,92.0,21.0,62.083333333333336,919.2291666666669,15.447916666666664
2018-05-22,0.5,0.0,26.2,9.8,88.0,34.0,61.25,920.9041666666666,17.518750000000004
2018-05-23,0.6856218189039488,0.0,27.1,13.7,92.0,30.0,64.83333333333333,922.0541666666668,19.68125
2018-05-24,1.689122844754274,0.0,24.6,14.8,86.0,52.0,70.04166666666667,924.3083333333334,19.014583333333334
2018-05-25,1.8948093904254586,0.0,23.7,15.3,83.0,54.0,71.70833333333333,923.8541666666665,18.65625
2018-05-26,1.3556613237418986,0.0,24.7,13.4,92.0,52.0,75.45833333333333,923.3375000000002,17.910416666666666
2018-05-27,1.5551149437866838,0.0,24.9,13.9,89.0,43.0,69.54166666666667,924.3166666666667,18.49375
2018-05-28,1.6984722331938733,0.0,24.7,12.4,89.0,33.0,64.625,924.975,18.354166666666664
2018-05-29,1.9353234069970557,0.0,23.9,13.9,81.0,40.0,62.333333333333336,925.1416666666669,18.191666666666663
2018-05-30,1.0627138193011207,0.0,25.0,11.6,90.0,32.0,63.583333333333336,923.6416666666665,17.47083333333333
2018-05-31,1.4273399684454935,0.0,24.4,12.7,89.0,33.0,61.666666666666664,921.0833333333334,17.797916666666666
2018-06-01,0.9505211580259291,0.0,24.8,15.8,76.0,36.0,59.208333333333336,920.4541666666665,19.360416666666666
2018-06-02,0.6513407279587512,0.0,27.2,13.1,91.0,31.0,61.541666666666664,921.4583333333334,20.043750000000003
2018-06-03,0.5017505129251626,0.0,28.8,13.6,88.0,32.0,58.583333333333336,922.5124999999999,20.766666666666666
2018-06-04,1.7763838035238677,0.0,24.7,17.3,80.0,51.0,66.25,923.5833333333334,20.197916666666664
2018-06-05,1.2497015880931066,0.0,25.6,15.6,81.0,44.0,67.66666666666667,920.8916666666664,19.308333333333334
2018-06-06,1.259050976532706,0.0,26.6,15.4,90.0,44.0,68.375,918.3125,20.410416666666666
2018-06-07,0.5827785460683563,0.0,27.3,15.8,87.0,44.0,66.0,919.725,21.137499999999996
2018-06-08,0.5204492898043611,0.0,26.4,16.3,91.0,41.0,68.33333333333333,921.0166666666668,21.168750000000003
2018-06-09,1.1437418524443146,0.0,26.7,15.3,91.0,55.0,75.33333333333333,922.6333333333333,20.26875
2018-06-10,1.8168978200954642,0.0,26.3,17.2,84.0,49.0,72.20833333333333,922.7791666666668,20.333333333333336
2018-06-11,1.1780229433895115,0.0,26.2,16.5,85.0,48.0,71.75,921.7875000000003,19.920833333333334
2018-06-12,0.7074370585963471,0.0,27.9,15.1,90.0,40.0,67.79166666666667,921.1458333333335,20.816666666666666
2018-06-13,0.6638065792115505,0.0,29.0,15.7,90.0,33.0,64.91666666666667,921.3208333333333,21.643750000000004
2018-06-14,0.9567540836523285,0.0,29.7,16.1,90.0,32.0,65.0,921.9291666666668,22.072916666666664
2018-06-15,1.8137813572822648,0.0,26.0,18.3,80.0,44.0,65.16666666666667,923.7624999999999,21.233333333333334
2018-06-16,1.8355965969746633,0.0,25.9,16.5,75.0,39.0,61.0,924.6750000000001,20.114583333333332
2018-06-17,1.4927856875226886,0.0,25.2,14.2,89.0,43.0,68.16666666666667,925.9791666666665,19.093749999999996
2018-06-18,1.1375089268179153,0.0,24.4,13.1,92.0,43.0,70.45833333333333,926.5,18.570833333333333
2018-06-19,1.657958216622276,0.0,22.0,14.0,89.0,58.0,73.875,926.6791666666664,17.608333333333334
2018-06-20,1.620560662863879,0.0,25.6,15.0,82.0,42.0,68.33333333333333,925.9958333333333,18.425
2018-06-21,0.9380553067731299,0.0,26.6,11.9,91.0,31.0,62.5,924.3833333333333,18.695833333333333
2018-06-22,0.7697663148603424,0.0,27.5,13.4,89.0,27.0,59.291666666666664,922.9750000000004,19.929166666666667
2018-06-23,1.5364161669074856,0.0,27.3,17.4,73.0,32.0,56.25,922.1166666666668,21.179166666666667
2018-06-24,1.2777497534119049,0.0,26.2,18.3,76.0,40.0,66.20833333333333,922.7374999999998,20.456249999999997
2018-06-25,1.1406253896311151,0.0,25.8,14.1,90.0,39.0,66.08333333333333,921.5749999999999,19.710416666666667
2018-06-26,1.1842558690159115,0.0,26.9,18.3,79.0,33.0,62.125,921.0041666666667,21.172916666666666
2018-06-27,1.1873723318291112,0.0,26.9,17.2,77.0,27.0,56.75,921.7375000000001,21.400000000000002
2018-06-28,1.6641911422486757,0.0,24.7,15.4,80.0,34.0,58.541666666666664,922.9541666666665,19.570833333333333
2018-06-29,1.5769301834790819,0.0,23.9,15.9,70.0,38.0,56.458333333333336,922.5541666666667,19.116666666666664
2018-06-30,1.140625389631115,0.0,26.0,14.4,85.0,34.0,61.791666666666664,920.3333333333334,19.660416666666663
2018-07-01,1.3805930262474968,0.0,27.0,15.7,83.0,31.0,61.875,919.8249999999999,20.410416666666666
2018-07-02,0.7479510751679442,0.0,27.6,14.0,89.0,28.0,61.125,920.0791666666664,20.12291666666667
2018-07-03,0.8320955711243379,0.0,28.1,13.5,90.0,25.0,59.375,920.1958333333336,20.445833333333333
2018-07-04,1.003501025850325,0.0,27.0,13.8,87.0,29.0,59.375,921.1708333333332,19.956250000000004
2018-07-05,1.3618942493682984,0.0,25.8,16.1,74.0,34.0,56.333333333333336,922.7041666666668,19.941666666666666
2018-07-06,1.096994910246318,0.0,27.0,13.1,85.0,25.0,56.833333333333336,922.808333333333,19.5875
2018-07-07,1.2715168277855047,0.0,26.2,13.5,80.0,27.0,52.541666666666664,922.0500000000001,19.527083333333337
2018-07-08,0.67003950483795,0.0,27.4,12.6,85.0,31.0,57.041666666666664,921.2291666666665,19.61875
2018-07-09,0.6669230420247502,0.0,28.6,13.9,87.0,24.0,54.458333333333336,921.0666666666666,20.72291666666667
2018-07-10,0.7541840007943434,0.0,27.9,14.2,80.0,28.0,52.041666666666664,920.5166666666668,20.68333333333333
2018-07-11,0.9629870092787279,0.0,25.3,14.8,88.0,42.0,64.875,921.2999999999998,19.59791666666667
2018-07-12,0.922472992707131,0.0,26.1,12.7,86.0,35.0,64.95833333333333,923.2708333333335,18.59583333333333
2018-07-13,1.4460387453246921,0.0,25.7,15.3,83.0,39.0,66.54166666666667,923.1291666666666,19.279166666666665
2018-07-14,0.9661034720919276,0.0,26.4,13.9,88.0,31.0,64.91666666666667,922.3708333333334,19.36875
2018-07-15,1.2964485302911033,0.0,26.5,13.3,90.0,27.0,61.916666666666664,923.1666666666669,19.183333333333334
2018-07-16,0.9536376208391288,0.0,26.6,12.9,84.0,35.0,59.25,924.5125000000003,19.152083333333337
2018-07-17,1.4678539850170902,0.0,26.4,13.1,89.0,36.0,65.25,924.7916666666665,19.18541666666667
2018-07-18,1.916624630117857,0.0,25.2,15.9,81.0,36.0,60.375,924.525,19.704166666666666
2018-07-19,1.3026814559175026,0.0,26.4,14.6,81.0,36.0,60.708333333333336,923.0625,19.420833333333334
2018-07-20,1.1343924640047152,0.0,26.7,13.3,84.0,28.0,55.708333333333336,922.3041666666664,19.84791666666667
2018-07-21,0.8913083645751334,0.0,28.2,14.0,83.0,28.0,55.916666666666664,921.9083333333334,20.775000000000002
2018-07-22,1.975837423568652,0.0,25.4,16.4,79.0,37.0,59.333333333333336,922.9708333333334,19.93958333333333
2018-07-23,1.442922282511492,0.0,24.9,14.6,77.0,34.0,60.125,924.7416666666667,18.88125
2018-07-24,1.5270667784678857,0.0,25.8,12.6,85.0,35.0,60.291666666666664,924.9499999999999,18.914583333333333
2018-07-25,1.9914197376346512,0.0,25.0,14.5,71.0,29.0,53.875,925.6333333333333,18.79375
2018-07-26,1.6828899191278743,0.0,24.2,12.5,83.0,35.0,59.375,925.3625000000001,18.352083333333333
2018-07-27,1.5114844644018872,0.0,25.5,14.8,73.0,31.0,56.958333333333336,924.0666666666665,18.989583333333332
2018-07-28,1.1437418524443146,0.0,26.8,12.9,83.0,28.0,54.958333333333336,922.7041666666664,19.41041666666667
2018-07-29,1.2933320674779034,0.0,27.2,14.9,75.0,24.0,55.333333333333336,921.3208333333333,19.929166666666667
2018-07-30,0.7822321661131416,0.0,27.9,14.2,80.0,27.0,55.208333333333336,920.0041666666666,20.40208333333333
2018-07-31,1.0627138193011205,0.0,29.7,15.1,81.0,28.0,52.916666666666664,919.2333333333332,21.514583333333334
2018-08-01,1.4865527618962888,0.0,26.3,15.4,84.0,45.0,64.41666666666667,919.3625000000001,20.26875
2018-08-02,1.7296368613258708,0.0,23.8,17.2,88.0,55.0,75.125,920.7875,19.268749999999997
2018-08-03,1.9041587788650574,0.0,26.3,15.2,87.0,46.0,71.70833333333333,919.8541666666669,19.391666666666666
2018-08-04,0.7635333892339429,0.0,22.1,16.2,92.0,68.0,85.625,919.2083333333334,18.127083333333335
2018-08-05,0.5,0.0,26.1,14.9,93.0,48.0,76.54166666666667,918.9666666666667,19.556250000000002
2018-08-06,1.1125772243123166,0.0,25.5,16.8,89.0,57.0,72.625,920.7208333333333,21.102083333333333
2018-08-07,1.3868259518738966,0.0,25.9,16.2,93.0,55.0,78.125,922.1041666666666,20.022916666666664
2018-08-08,1.6797734563146745,0.0,28.4,17.1,87.0,33.0,65.79166666666667,922.9749999999999,21.80625
2018-08-09,1.2403521996535072,0.0,25.4,17.9,80.0,51.0,68.375,921.2583333333333,20.90625
2018-08-10,0.922472992707131,0.0,27.7,16.6,87.0,42.0,67.54166666666667,918.8666666666667,21.362500000000004
2018-08-11,1.0751796705539196,0.0,27.6,13.2,74.0,12.0,41.5,919.4666666666667,20.7375
2018-08-12,0.7012041329699477,0.0,28.1,10.3,72.0,12.0,37.583333333333336,920.2875,19.233333333333334
2018-08-13,0.9037742158279324,0.0,26.9,10.5,84.0,26.0,53.583333333333336,920.1208333333333,18.854166666666664
2018-08-14,1.128159538378316,0.0,28.2,11.8,84.0,19.0,51.5,920.0333333333333,19.89375
2018-08-15,1.6174442000506795,0.0,29.9,16.7,70.0,14.0,49.25,920.2625000000002,21.768749999999997
2018-08-16,2.2719013908226304,0.0,24.2,17.2,69.0,48.0,60.666666666666664,923.4000000000001,19.943749999999998
2018-08-17,1.6860063819410742,0.0,23.6,15.7,89.0,49.0,70.41666666666667,925.6749999999997,18.8125
2018-08-18,1.9509057210630543,0.0,23.6,15.0,87.0,47.0,71.58333333333333,924.9416666666666,17.99791666666667
2018-08-19,1.673540530688275,0.0,25.8,15.2,80.0,34.0,63.375,924.4583333333334,19.229166666666668
2018-08-20,1.7701508778974677,0.0,26.9,15.4,78.0,26.0,53.666666666666664,924.9,20.327083333333334
2018-08-21,1.5177173900282868,0.0,26.0,13.6,73.0,28.0,50.541666666666664,924.7125,19.83541666666667
2018-08-22,1.6080948116110798,0.0,26.4,15.3,64.0,26.0,47.791666666666664,923.6875000000001,20.210416666666667
2018-08-23,1.7763838035238677,0.0,26.8,16.3,78.0,34.0,54.208333333333336,921.6624999999999,20.927083333333336
2018-08-24,1.9477892582498546,0.0,27.5,17.5,67.0,37.0,53.416666666666664,921.4041666666667,21.735416666666666
2018-08-25,1.5083680015886876,0.0,27.5,16.8,75.0,32.0,56.458333333333336,921.6625,21.36875
2018-08-26,1.2995649931043027,0.0,28.9,17.6,79.0,33.0,58.541666666666664,922.5166666666669,22.539583333333333
2018-08-27,2.27190139082263,0.0,24.3,17.0,79.0,50.0,66.70833333333333,923.6625000000004,19.977083333333333
2018-08-28,1.8823435391726593,0.0,22.3,13.5,87.0,51.0,68.29166666666667,925.5291666666667,18.40208333333333
2018-08-29,2.4495397711750178,0.0,25.0,16.4,80.0,42.0,64.75,925.3291666666665,19.522916666666664
2018-08-30,2.0568654567118463,0.0,26.7,16.0,83.0,35.0,64.04166666666667,923.1750000000002,19.74791666666667
2018-08-31,1.6454923653694769,0.0,27.7,16.0,75.0,28.0,54.541666666666664,920.8000000000001,20.74375
2018-09-01,1.4678539850170904,0.0,30.4,15.9,67.0,26.0,46.541666666666664,919.8833333333333,22.37708333333333
2018-09-02,1.7919661175898662,0.0,28.4,17.7,61.0,37.0,50.041666666666664,919.3875000000002,22.635416666666664
2018-09-03,1.446038745324692,0.0,31.3,18.2,69.0,25.0,47.541666666666664,917.1500000000001,23.631250000000005
2018-09-04,1.8137813572822648,0.0,26.5,16.2,90.0,25.0,50.666666666666664,914.9749999999998,21.897916666666664
2018-09-05,1.4616210593906909,0.0,27.2,12.9,65.0,15.0,41.916666666666664,918.8125,19.752083333333335
2018-09-06,2.069331307964646,0.0,28.5,14.4,66.0,24.0,48.208333333333336,921.9833333333335,20.335416666666667
2018-09-07,1.975837423568652,0.0,29.4,15.7,76.0,19.0,51.541666666666664,922.5374999999999,21.645833333333336
2018-09-08,1.6922393075674733,0.0,27.2,14.0,76.0,18.0,49.333333333333336,921.7833333333333,20.37708333333333
2018-09-09,1.9758374235686527,0.0,28.8,15.1,67.0,17.0,45.375,921.2666666666669,20.81041666666667
2018-09-10,1.779500266337067,0.0,29.1,16.5,59.0,25.0,45.333333333333336,920.3750000000001,21.554166666666664
2018-09-11,1.6828899191278743,0.0,30.7,17.4,63.0,20.0,46.291666666666664,918.9041666666667,22.577083333333334
2018-09-12,2.5741982837030073,0.0,27.3,17.2,75.0,40.0,58.875,920.1124999999998,21.389583333333334
2018-09-13,2.7269049615497964,0.0,26.9,16.6,78.0,39.0,62.041666666666664,920.3249999999997,20.479166666666668
2018-09-14,2.01011851451385,0.0,29.1,15.9,79.0,33.0,59.791666666666664,918.0,20.731250000000003
2018-09-15,0.5671962320023576,0.0,21.9,16.2,92.0,56.0,84.66666666666667,917.3375000000001,18.579166666666666
2018-09-16,0.5,0.0,26.6,16.6,93.0,51.0,80.125,917.1833333333334,20.393750000000004
2018-09-17,1.06894674492752,0.0,23.1,18.5,91.0,65.0,78.41666666666667,918.0458333333332,20.84583333333333
2018-09-18,0.5,0.0,25.3,17.5,91.0,57.0,76.91666666666667,918.1416666666668,20.664583333333336
2018-09-19,0.7479510751679441,0.0,29.7,18.6,90.0,40.0,69.125,918.8583333333336,22.643750000000004
2018-09-20,0.7573004636075434,0.0,25.7,18.6,87.0,55.0,70.45833333333333,920.1,21.839583333333334
2018-09-21,1.20918757152151,0.0,28.4,18.7,90.0,43.0,75.33333333333333,919.1958333333333,21.77916666666667
2018-09-22,0.9349388439599302,0.0,31.3,17.6,91.0,32.0,63.583333333333336,917.6374999999999,23.727083333333333
2018-09-23,1.832480134161463,0.0,31.0,19.5,78.0,33.0,56.166666666666664,918.0375000000003,24.391666666666673
2018-09-24,1.7109380844466722,0.0,31.9,20.5,68.0,27.0,50.5,918.1875000000003,25.37083333333333
2018-09-25,2.231387374251033,0.0,30.8,20.9,57.0,31.0,44.083333333333336,917.9541666666665,25.09791666666667
2018-09-26,1.9727209607554523,0.0,29.1,18.8,70.0,35.0,49.708333333333336,918.2833333333334,23.616666666666667
2018-09-27,1.7857331919634665,0.0,31.3,18.6,70.0,33.0,49.5,917.3624999999998,24.53125
2018-09-28,1.5831631091054825,0.0,31.9,21.9,61.0,30.0,48.541666666666664,917.3541666666669,25.87083333333333
2018-09-29,2.3778611264714224,0.0,30.3,20.7,81.0,43.0,63.916666666666664,918.0499999999998,24.031250000000007
2018-09-30,2.1971062833058355,0.0,26.2,20.4,82.0,57.0,69.125,918.1,22.968750000000004
2018-10-01,1.7171710100730715,0.0,30.2,18.2,91.0,38.0,63.625,918.3624999999998,23.452083333333334
2018-10-02,1.3681271749946977,0.0,30.7,18.1,91.0,34.0,69.29166666666667,918.6583333333333,22.700000000000003
2018-10-03,1.149974778070714,0.0,32.6,18.5,86.0,27.0,56.291666666666664,917.5916666666667,25.104166666666664
2018-10-04,1.3369625468627004,0.0,33.9,20.8,71.0,27.0,50.833333333333336,917.5499999999998,26.40416666666667
2018-10-05,2.075564233591045,0.0,30.8,20.8,81.0,41.0,62.041666666666664,918.1958333333333,25.058333333333337
2018-10-06,2.3435800355262244,0.0,26.8,20.4,79.0,51.0,68.95833333333333,918.9749999999998,22.77708333333333
2018-10-07,2.01011851451385,0.0,25.0,19.1,85.0,56.0,70.91666666666667,920.3833333333332,20.729166666666664
2018-10-08,1.9976526632610505,0.0,30.3,18.8,79.0,36.0,61.25,919.2958333333332,23.43125
2018-10-09,1.7763838035238677,0.0,31.1,19.6,64.0,34.0,52.791666666666664,917.9250000000001,23.99166666666666
2018-10-10,1.424223505632293,0.0,32.0,22.0,66.0,26.0,49.958333333333336,916.9625000000001,25.735416666666673
2018-10-11,1.9976526632610512,0.0,32.3,23.3,56.0,32.0,48.291666666666664,917.8958333333334,26.47083333333334
2018-10-12,2.4557726968014166,0.0,28.5,22.0,69.0,47.0,59.458333333333336,919.6791666666668,24.545833333333334
2018-10-13,1.4429222825114925,0.0,33.8,20.0,70.0,28.0,50.375,918.3000000000002,25.929166666666664
2018-10-14,1.1001113730595178,0.0,34.8,20.2,88.0,27.0,54.583333333333336,916.3000000000001,26.956249999999997
2018-10-15,1.3431954724890998,0.0,29.5,20.9,88.0,51.0,72.29166666666667,915.6041666666669,24.27083333333333
2018-10-16,1.7670344150842683,0.0,29.7,19.2,89.0,47.0,71.29166666666667,916.1875,23.629166666666663
2018-10-17,1.6828899191278746,0.0,29.0,21.7,77.0,48.0,67.91666666666667,917.9000000000002,24.222916666666663
2018-10-18,1.2621674393459057,0.0,28.5,17.8,92.0,52.0,76.83333333333333,917.3166666666666,22.53333333333333
2018-10-19,0.9567540836523285,0.0,28.3,18.9,92.0,49.0,81.83333333333333,914.7208333333333,21.877083333333335
2018-10-20,2.078680696404245,0.0,26.9,18.9,92.0,43.0,66.0,915.7624999999998,21.831250000000004
2018-10-21,2.243853225503832,0.0,24.7,15.9,75.0,48.0,62.375,917.8958333333331,19.833333333333332
2018-10-22,1.7981990432162653,0.0,27.7,15.2,82.0,37.0,62.708333333333336,919.3541666666666,20.5375
2018-10-23,1.7078216216334723,0.0,30.0,16.9,80.0,30.0,58.958333333333336,918.8541666666666,22.43541666666666
2018-10-24,1.47720337345669,0.0,30.8,20.0,89.0,30.0,56.75,918.3416666666667,23.8625
2018-10-25,1.1749064805763123,0.0,26.8,18.3,92.0,60.0,81.75,918.0874999999997,21.264583333333334
2018-10-26,0.8539108108167361,0.0,28.9,19.2,92.0,49.0,77.33333333333333,915.4875000000002,22.989583333333332
2018-10-27,1.1967217202687104,0.0,29.7,19.1,92.0,48.0,81.91666666666667,913.5249999999997,22.09583333333333
2018-10-28,1.0408985796087222,0.0,28.3,19.2,92.0,43.0,71.375,914.2249999999999,23.10208333333333
2018-10-29,2.1534758039210393,0.0,24.4,18.8,89.0,60.0,74.875,917.0541666666668,20.87083333333333
2018-10-30,1.9446727954366545,0.0,29.6,17.6,85.0,46.0,71.625,919.2958333333331,21.977083333333333
2018-10-31,1.5395326297206848,0.0,28.9,18.6,83.0,46.0,67.54166666666667,919.6041666666665,22.991666666666664
2018-11-01,1.6704240678750752,0.0,31.8,19.0,90.0,37.0,67.83333333333333,917.4874999999998,23.81875
2018-11-02,1.2808662162251043,0.0,30.5,17.5,90.0,40.0,66.45833333333333,916.495833333333,23.422916666666666
2018-11-03,1.682889919127874,0.0,30.9,21.3,79.0,33.0,59.208333333333336,916.0916666666668,25.052083333333336
2018-11-04,0.9941516374107257,0.0,28.9,20.0,85.0,50.0,68.25,915.2458333333334,23.137500000000003
2018-11-05,1.9509057210630543,0.0,23.9,19.3,89.0,65.0,78.66666666666667,917.0666666666667,21.04583333333333
2018-11-06,2.524334878691812,0.0,25.1,18.2,84.0,49.0,70.58333333333333,918.3166666666667,21.00208333333333
2018-11-07,2.2469696883170323,0.0,27.3,19.2,80.0,48.0,64.0,918.4625,22.535416666666666
2018-11-08,1.919741092931056,0.0,23.4,16.5,91.0,62.0,82.41666666666667,919.3124999999999,19.522916666666667
2018-11-09,1.9072752416782575,0.0,17.8,15.1,91.0,84.0,88.54166666666667,920.2375000000001,16.693749999999998
2018-11-10,1.8044319688426653,0.0,23.3,17.0,89.0,65.0,80.54166666666667,917.4499999999999,19.277083333333337
2018-11-11,1.7795002663370671,0.0,26.8,16.7,87.0,51.0,72.625,916.6166666666667,21.047916666666666
2018-11-12,1.6641911422486757,0.0,29.6,18.6,85.0,42.0,67.33333333333333,917.1916666666667,23.116666666666667
2018-11-13,1.9322069441838552,0.0,30.2,19.8,82.0,42.0,63.208333333333336,918.1374999999998,24.202083333333334
2018-11-14,1.6330265141166778,0.0,31.2,20.5,80.0,38.0,61.833333333333336,916.9208333333335,24.849999999999998
2018-11-15,1.1904887946423113,0.0,30.2,18.5,93.0,45.0,71.125,915.6583333333334,23.927083333333332
2018-11-16,1.1468583152575145,0.0,28.2,19.3,93.0,55.0,81.91666666666667,917.8708333333335,22.008333333333333
2018-11-17,2.038166679832648,0.0,28.1,19.7,87.0,43.0,66.33333333333333,919.6166666666664,23.112499999999997
2018-11-18,1.9228575557442564,0.0,29.2,20.0,79.0,46.0,64.79166666666667,919.2541666666666,23.37291666666667
2018-11-19,0.6357584138927523,0.0,25.5,19.2,91.0,65.0,77.95833333333333,917.9791666666669,22.097916666666663
2018-11-20,1.125043075565116,0.0,23.5,18.5,91.0,72.0,86.0,918.8208333333332,20.54583333333333
2018-11-21,1.8355965969746633,0.0,20.5,16.7,92.0,80.0,89.16666666666667,920.3416666666668,18.18541666666667
2018-11-22,2.0412831426458475,0.0,25.1,16.4,90.0,57.0,76.45833333333333,920.1916666666667,20.191666666666666
2018-11-23,1.9228575557442567,0.0,26.3,18.8,86.0,55.0,75.20833333333333,918.6250000000001,21.24791666666667
2018-11-24,1.3369625468627004,0.0,24.5,18.4,91.0,58.0,74.41666666666667,917.9291666666667,21.395833333333332
2018-11-25,1.1686735549499128,0.0,25.3,17.9,92.0,60.0,83.79166666666667,918.3458333333333,19.74791666666667
2018-11-26,1.3431954724890995,0.0,27.5,17.2,91.0,38.0,64.25,918.9416666666666,21.897916666666664
2018-11-27,2.3498129611526246,0.0,27.6,17.4,80.0,33.0,60.291666666666664,919.7249999999998,21.97291666666667
2018-11-28,1.9509057210630543,0.0,28.1,18.1,81.0,34.0,57.5,919.1041666666666,22.702083333333334
2018-11-29,1.6299100513034783,0.0,29.4,18.3,74.0,31.0,54.166666666666664,917.6583333333332,23.41041666666667
2018-11-30,1.2715168277855051,0.0,30.6,18.7,80.0,35.0,56.291666666666664,914.5666666666666,24.743749999999995
2018-12-01,0.7791157032999418,0.0,25.3,19.0,92.0,56.0,83.625,913.5708333333333,21.15625
2018-12-02,0.7697663148603424,0.0,27.4,19.1,92.0,59.0,86.75,913.0791666666665,21.31666666666667
2018-12-03,1.1717900177631129,0.0,23.6,18.4,92.0,73.0,86.125,912.9208333333335,20.60625
2018-12-04,1.695355770380673,0.0,28.1,18.2,87.0,48.0,72.25,912.8458333333332,22.299999999999997
2018-12-05,1.2341192740271079,0.0,30.5,19.0,85.0,37.0,65.83333333333333,914.0166666666665,24.027083333333334
2018-12-06,1.3089143815439022,0.0,31.9,17.9,90.0,37.0,67.04166666666667,916.3041666666664,24.76875
2018-12-07,0.8071638686187398,0.0,28.5,17.0,93.0,61.0,81.16666666666667,917.4416666666666,22.54375
2018-12-08,2.044399605459047,0.0,26.7,18.3,92.0,45.0,68.875,917.6125000000001,22.18541666666667
2018-12-09,2.683274482165,0.0,23.2,15.8,80.0,52.0,68.25,922.3249999999999,19.170833333333334
2018-12-10,1.8168978200954642,0.0,27.4,15.9,83.0,42.0,66.66666666666667,924.6541666666667,20.741666666666667
2018-12-11,1.6984722331938729,0.0,28.4,17.8,83.0,43.0,66.29166666666667,923.7083333333331,22.34583333333334
2018-12-12,1.8044319688426647,0.0,30.3,19.5,81.0,37.0,61.208333333333336,921.7583333333336,24.325
2018-12-13,0.8726095876959349,0.0,31.2,18.8,86.0,32.0,62.791666666666664,920.2624999999999,23.964583333333337
2018-12-14,1.0502479680483214,0.0,31.5,19.9,80.0,25.0,54.833333333333336,920.0458333333332,25.079166666666666
2018-12-15,1.6080948116110798,0.0,32.0,21.4,66.0,29.0,49.0,921.475,26.397916666666667
2018-12-16,1.8324801341614636,0.0,30.8,21.4,73.0,33.0,54.625,921.6166666666667,25.852083333333333
2018-12-17,1.9322069441838552,0.0,30.5,20.6,68.0,33.0,51.333333333333336,920.7458333333334,25.135416666666664
2018-12-18,1.271516827785505,0.0,32.6,20.4,69.0,35.0,52.875,919.9500000000002,26.083333333333336
2018-12-19,1.1624406293235134,0.0,33.1,21.5,82.0,34.0,56.833333333333336,918.3333333333335,27.168750000000003
2018-12-20,1.5987454231714804,0.0,33.5,20.4,88.0,30.0,57.625,917.1250000000001,26.458333333333332
2018-12-21,1.1281595383783158,0.0,32.0,21.0,87.0,40.0,61.5,916.4291666666668,26.072916666666664
2018-12-22,1.3026814559175026,0.0,33.1,19.0,91.0,36.0,69.04166666666667,916.3874999999999,23.7375
2018-12-23,0.8289791083111381,0.0,32.6,17.9,92.0,34.0,69.41666666666667,916.3458333333332,23.93541666666667
2018-12-24,1.015966877103124,0.0,31.4,18.5,91.0,41.0,68.375,916.1541666666666,24.514583333333334
2018-12-25,1.2777497534119049,0.0,30.8,18.5,92.0,40.0,76.625,916.7500000000001,22.6
2018-12-26,0.8757260505091348,0.0,27.9,18.6,92.0,53.0,81.33333333333333,916.5916666666664,22.15833333333333
2018-12-27,0.8227461826847384,0.0,24.8,18.8,92.0,68.0,86.20833333333333,915.9499999999999,20.652083333333334
2018-12-28,0.8881919017619336,0.0,25.4,18.5,92.0,67.0,84.5,916.1,20.697916666666668
2018-12-29,0.5422645294967595,0.0,27.5,17.7,92.0,61.0,87.33333333333333,915.4458333333336,20.866666666666667
2018-12-30,0.9505211580259291,0.0,27.3,18.5,93.0,61.0,83.33333333333333,915.9625,21.81875
2018-12-31,0.9131236042675317,0.0,25.9,19.2,92.0,65.0,85.08333333333333,916.4208333333335,21.347916666666666
2019-01-01,0.7386016867283449,0.0,27.9,19.2,92.0,55.0,82.375,919.5791666666664,21.829166666666666
2019-01-02,0.8227461826847386,0.0,31.1,18.9,90.0,42.0,71.08333333333333,920.1708333333331,24.114583333333336
2019-01-03,0.7759992404867417,0.0,30.7,20.4,88.0,47.0,71.16666666666667,918.8499999999998,24.268750000000004
2019-01-04,1.015966877103124,0.0,25.4,19.0,91.0,59.0,76.875,919.1750000000001,22.450000000000003
2019-01-05,0.7479510751679442,0.0,30.1,18.6,91.0,41.0,68.875,918.5583333333333,23.585416666666667
2019-01-06,0.9598705464655285,0.0,31.8,18.8,90.0,31.0,61.583333333333336,918.6166666666668,24.952083333333334
2019-01-07,1.5675807950394829,0.0,31.2,20.9,79.0,33.0,59.541666666666664,919.2458333333333,25.731249999999996
2019-01-08,1.8231307457218642,0.0,29.6,19.7,87.0,49.0,65.875,919.9625000000002,24.862500000000004
2019-01-09,1.8262472085350636,0.0,29.4,19.0,78.0,34.0,59.125,919.4083333333333,23.875000000000007
2019-01-10,1.9914197376346512,0.0,29.2,19.7,75.0,38.0,56.583333333333336,919.3083333333334,23.91041666666667
2019-01-11,1.5893960347318812,0.0,30.2,20.3,73.0,41.0,58.333333333333336,920.0000000000001,24.360416666666666
2019-01-12,1.3899424146870965,0.0,30.1,20.4,76.0,40.0,59.666666666666664,919.1541666666668,24.858333333333334
2019-01-13,1.6953557703806732,0.0,30.6,20.2,81.0,35.0,59.0,919.5750000000002,25.08333333333333
2019-01-14,1.8823435391726593,0.0,30.7,20.1,76.0,33.0,55.0,919.6958333333332,25.15833333333334
2019-01-15,1.4990186131490881,0.0,32.6,21.1,76.0,34.0,55.958333333333336,919.7124999999997,26.06458333333333
2019-01-16,1.3369625468627004,0.0,33.4,22.4,72.0,33.0,56.25,919.941666666667,26.849999999999998
2019-01-17,1.2964485302911033,0.0,32.2,21.1,76.0,36.0,58.083333333333336,919.7833333333332,25.952083333333334
2019-01-18,1.5332997040942857,0.0,32.5,20.4,81.0,33.0,58.416666666666664,918.7166666666668,26.02708333333333
2019-01-19,1.6267935884902787,0.0,32.7,21.8,71.0,29.0,53.291666666666664,917.9250000000001,26.660416666666663
2019-01-20,1.3057979187307025,0.0,33.3,20.3,90.0,32.0,57.25,918.4375,25.658333333333335
2019-01-21,1.5114844644018872,0.0,30.6,21.2,91.0,45.0,61.75,919.5666666666667,25.543749999999996
2019-01-22,1.196721720268711,0.0,32.5,20.8,80.0,37.0,57.791666666666664,919.7708333333331,25.900000000000002
2019-01-23,1.6735405306882751,0.0,31.4,21.2,76.0,30.0,55.5,919.5291666666667,26.164583333333333
2019-01-24,2.016351440140249,0.0,31.5,21.2,63.0,33.0,51.291666666666664,919.0374999999998,25.785416666666663
2019-01-25,2.1191947129758417,0.0,29.8,21.4,72.0,39.0,58.041666666666664,918.6208333333334,25.089583333333337
2019-01-26,1.9477892582498544,0.0,29.1,19.5,79.0,43.0,64.54166666666667,919.5375,23.13541666666667
2019-01-27,1.7015886960070727,0.0,29.8,18.1,88.0,33.0,63.541666666666664,920.775,23.358333333333334
2019-01-28,2.1067288617230426,0.0,30.6,21.4,73.0,36.0,55.166666666666664,921.7708333333334,25.518750000000004
2019-01-29,1.8387130597878625,0.0,33.0,21.6,71.0,22.0,49.875,921.3041666666664,26.55833333333333
2019-01-30,1.4616210593906909,0.0,32.8,21.6,70.0,30.0,49.916666666666664,919.8166666666667,26.37708333333334
2019-01-31,1.2465851252799072,0.0,33.8,20.6,66.0,24.0,44.25,918.6333333333332,26.96875
2019-02-01,1.6610746794354758,0.0,32.3,22.6,60.0,25.0,47.083333333333336,918.65,26.81041666666667
2019-02-02,1.5831631091054819,0.0,33.1,22.0,61.0,27.0,46.125,918.6666666666669,27.083333333333332
2019-02-03,1.0097339514767245,0.0,34.1,22.1,66.0,29.0,46.708333333333336,916.7125,27.572916666666664
2019-02-04,1.4398058196982926,0.0,30.7,19.5,87.0,39.0,62.291666666666664,916.7166666666668,24.956249999999997
2019-02-05,1.5582314065998837,0.0,32.3,19.3,90.0,38.0,65.0,917.0083333333331,24.583333333333336
2019-02-06,1.4429222825114925,0.0,26.5,19.5,92.0,58.0,81.375,917.7500000000001,21.358333333333334
2019-02-07,0.7292522982887455,0.0,24.1,19.0,92.0,72.0,87.25,916.3916666666665,20.395833333333336
2019-02-08,0.9255894555203309,0.0,31.1,18.6,91.0,38.0,75.0,915.8208333333332,23.064583333333335
2019-02-09,1.4647375222038905,0.0,30.9,19.1,90.0,37.0,68.54166666666667,916.8833333333331,23.770833333333336
2019-02-10,1.6797734563146745,0.0,31.3,21.0,82.0,38.0,64.04166666666667,917.2291666666666,25.285416666666663
2019-02-11,1.2995649931043027,0.0,31.1,20.8,87.0,40.0,66.04166666666667,918.9291666666669,24.96666666666667
2019-02-12,1.305797918730702,0.0,30.8,21.8,70.0,41.0,57.708333333333336,918.3375000000001,25.59375
2019-02-13,0.9848022489711264,0.0,30.8,19.7,89.0,46.0,70.95833333333333,917.0958333333334,24.38125
2019-02-14,1.866761225106661,0.0,28.4,19.0,89.0,52.0,72.70833333333333,918.3791666666666,22.387500000000003
2019-02-15,1.093878447433118,0.0,25.8,19.7,91.0,70.0,80.83333333333333,917.2374999999998,21.65625
2019-02-16,0.6108267113871544,0.0,25.7,19.9,91.0,68.0,86.95833333333333,915.1166666666668,21.675
2019-02-17,0.7791157032999418,0.0,27.3,19.2,93.0,62.0,87.08333333333333,916.604166666667,21.331249999999997
2019-02-18,0.7915815545527409,0.0,26.4,19.1,93.0,63.0,85.91666666666667,918.1708333333332,21.55208333333333
2019-02-19,0.8196297198715389,0.0,29.0,19.6,93.0,55.0,81.125,918.2999999999997,22.825
2019-02-20,0.6419913395191521,0.0,31.6,20.6,91.0,41.0,74.54166666666667,916.9541666666664,24.447916666666664
2019-02-21,0.6949712073435481,0.0,26.8,18.9,91.0,53.0,80.08333333333333,919.1083333333335,21.92916666666667
2019-02-22,1.2777497534119042,0.0,32.5,18.9,91.0,35.0,67.25,919.9208333333335,24.883333333333333
2019-02-23,1.0876455218067187,0.0,32.6,20.0,85.0,30.0,57.583333333333336,918.7749999999997,26.43958333333333
2019-02-24,0.8850754389487339,0.0,33.0,20.4,86.0,29.0,57.833333333333336,916.5666666666667,26.952083333333334
2019-02-25,0.8165132570583391,0.0,33.6,21.4,83.0,30.0,57.458333333333336,915.8124999999999,26.964583333333334
2019-02-26,1.0595973564879209,0.0,33.3,19.7,90.0,34.0,63.916666666666664,916.2958333333336,25.435416666666672
2019-02-27,1.028432728355923,0.0,31.2,19.2,91.0,41.0,70.91666666666667,917.8083333333334,24.02916666666667
2019-02-28,0.9255894555203309,0.0,27.3,19.8,92.0,57.0,76.95833333333333,918.1875,23.06041666666667
2019-03-01,0.7759992404867421,0.0,29.8,18.1,92.0,46.0,76.16666666666667,919.1541666666666,22.67916666666666
2019-03-02,0.6232925626399536,0.0,23.8,19.5,92.0,71.0,86.29166666666667,920.0458333333332,21.1
2019-03-03,1.508368001588687,0.0,29.0,19.9,88.0,47.0,69.20833333333333,919.0041666666665,23.520833333333336
2019-03-04,1.8231307457218637,0.0,29.5,20.2,79.0,42.0,63.5,919.6374999999999,24.016666666666666
2019-03-05,1.4834362990830892,0.0,30.7,20.2,80.0,39.0,63.416666666666664,920.7999999999997,24.3375
2019-03-06,1.7047051588202728,0.0,29.8,20.7,80.0,44.0,69.79166666666667,920.9541666666665,23.86875
2019-03-07,1.7826167291502668,0.0,30.8,20.6,81.0,42.0,65.20833333333333,921.1875000000001,24.8375
2019-03-08,1.3868259518738961,0.0,31.9,20.7,82.0,37.0,61.458333333333336,920.0125000000002,25.46041666666667
2019-03-09,1.07206320774072,0.0,32.1,21.6,82.0,36.0,61.666666666666664,918.5166666666668,26.183333333333337
2019-03-10,1.1998381830819105,0.0,32.2,21.8,90.0,41.0,65.58333333333333,917.4500000000003,26.06458333333334
2019-03-11,1.2247698855875087,0.0,29.0,18.6,92.0,45.0,72.41666666666667,918.0791666666664,23.458333333333336
2019-03-12,1.2247698855875087,0.0,29.8,18.5,90.0,46.0,69.33333333333333,918.5833333333331,23.46875
2019-03-13,0.9598705464655284,0.0,31.0,20.6,78.0,43.0,66.83333333333333,918.4000000000001,24.525
2019-03-14,0.8881919017619336,0.0,32.4,20.0,89.0,38.0,68.29166666666667,917.9583333333334,24.6625
2019-03-15,0.9754528605315271,0.0,31.9,18.8,90.0,37.0,66.16666666666667,917.3083333333333,24.737499999999997
2019-03-16,1.3026814559175024,0.0,31.0,19.5,91.0,48.0,74.04166666666667,917.1416666666665,24.20833333333333
2019-03-17,0.9536376208391285,0.0,25.8,21.0,90.0,68.0,82.625,917.7000000000002,23.193749999999998
2019-03-18,0.7635333892339429,0.0,31.9,20.0,92.0,47.0,76.66666666666667,916.6958333333332,24.27708333333333
2019-03-19,0.7261358354755456,0.0,31.7,20.4,92.0,43.0,76.29166666666667,914.8499999999996,24.68541666666666
2019-03-20,0.8944248273883333,0.0,30.7,20.4,92.0,49.0,76.08333333333333,914.0833333333335,24.472916666666666
2019-03-21,1.3338460840495003,0.0,27.8,19.7,92.0,59.0,80.66666666666667,914.4624999999997,22.99375
2019-03-22,1.508368001588688,0.0,22.1,18.3,92.0,75.0,87.0,917.4833333333335,19.86875
2019-03-23,1.4460387453246917,0.0,27.8,16.7,89.0,52.0,70.91666666666667,919.2125000000001,21.1875
2019-03-24,1.2777497534119044,0.0,28.0,19.4,87.0,49.0,72.83333333333333,918.9666666666666,22.679166666666664
2019-03-25,1.146858315257514,0.0,30.1,18.3,89.0,39.0,68.29166666666667,918.0833333333334,23.3375
2019-03-26,0.9162400670807315,0.0,30.2,17.7,91.0,36.0,65.83333333333333,918.225,23.825
2019-03-27,1.0502479680483217,0.0,29.6,17.7,86.0,42.0,65.58333333333333,920.5541666666668,23.168750000000003
2019-03-28,1.4553881337642913,0.0,28.9,16.0,89.0,39.0,61.708333333333336,922.0208333333336,22.71875
2019-03-29,1.446038745324692,0.0,28.2,16.1,89.0,44.0,65.83333333333333,921.7833333333334,22.287499999999998
2019-03-30,1.5426490925338847,0.0,29.1,17.6,82.0,41.0,65.0,920.979166666667,22.354166666666664
2019-03-31,0.9318223811467304,0.0,28.7,16.6,87.0,37.0,63.958333333333336,919.2375000000001,22.710416666666667
2019-04-01,1.162440629323513,0.0,28.8,18.2,90.0,42.0,70.25,918.3166666666667,22.337500000000002
2019-04-02,0.8944248273883332,0.0,28.9,18.1,91.0,42.0,73.5,918.1291666666667,22.512499999999996
2019-04-03,0.9567540836523285,0.0,30.1,19.1,89.0,46.0,74.125,916.9708333333334,22.949999999999996
2019-04-04,0.7012041329699477,0.0,31.6,18.8,91.0,39.0,72.41666666666667,915.775,23.572916666666664
2019-04-05,0.8601437364431358,0.0,30.8,21.0,87.0,49.0,72.375,917.0458333333335,24.827083333333334
2019-04-06,0.8944248273883333,0.0,29.0,20.6,90.0,54.0,78.375,918.8500000000003,23.583333333333336
2019-04-07,0.8414449595639372,0.0,30.3,19.7,91.0,44.0,72.125,919.6958333333336,23.977083333333333
2019-04-08,1.0408985796087222,0.0,30.1,18.9,89.0,44.0,69.20833333333333,918.4625000000001,23.81875
2019-04-09,0.7386016867283449,0.0,28.2,18.1,92.0,54.0,78.79166666666667,917.6750000000003,21.960416666666667
2019-04-10,1.5800466462922818,0.0,28.8,18.5,82.0,50.0,67.75,917.4333333333334,23.147916666666667
2019-04-11,0.9380553067731298,0.0,29.7,17.1,91.0,42.0,69.0,918.5333333333334,22.989583333333332
2019-04-12,1.1156936871255168,0.0,29.7,19.3,85.0,41.0,66.41666666666667,918.5083333333332,23.68541666666667
2019-04-13,1.707821621633472,0.0,29.7,20.8,78.0,44.0,65.5,918.6166666666667,24.32916666666667
2019-04-14,1.4273399684454933,0.0,28.6,21.0,79.0,50.0,69.04166666666667,918.9875000000002,23.84166666666667
2019-04-15,1.271516827785505,0.0,27.3,20.7,90.0,62.0,79.75,919.6041666666669,22.58958333333333
2019-04-16,0.9848022489711264,0.0,27.6,19.3,92.0,57.0,83.83333333333333,919.4416666666667,21.879166666666663
2019-04-17,0.9131236042675318,0.0,26.3,18.5,93.0,69.0,86.54166666666667,917.2166666666668,21.53541666666667
2019-04-18,1.1437418524443146,0.0,28.7,19.8,92.0,42.0,72.58333333333333,916.5458333333332,23.162499999999998
2019-04-19,0.8601437364431355,0.0,29.1,15.5,92.0,34.0,64.0,917.4375000000001,22.40833333333333
2019-04-20,0.7728827776735423,0.0,30.0,16.0,92.0,30.0,64.04166666666667,917.9791666666665,22.62708333333333
2019-04-21,0.7448346123547445,0.0,30.6,16.9,89.0,36.0,63.458333333333336,917.4000000000002,23.241666666666667
2019-04-22,1.0751796705539196,0.0,29.2,19.9,88.0,46.0,72.5,917.7208333333333,23.275
2019-04-23,1.3182637699835016,0.0,29.5,19.6,84.0,48.0,68.58333333333333,919.7999999999998,23.383333333333336
2019-04-24,1.47097044783029,0.0,28.5,19.3,87.0,47.0,69.33333333333333,921.5749999999999,23.197916666666668
2019-04-25,1.5114844644018872,0.0,27.8,19.1,84.0,51.0,69.08333333333333,921.9541666666668,22.683333333333337
2019-04-26,1.427339968445493,0.0,29.0,17.6,91.0,42.0,70.54166666666667,921.3624999999998,22.65833333333333
2019-04-27,1.3276131584231003,0.0,29.6,19.5,80.0,41.0,65.5,920.033333333333,23.29583333333333
2019-04-28,1.106344298685917,0.0,30.0,18.1,89.0,43.0,65.375,917.65,23.729166666666664
2019-04-29,1.003501025850325,0.0,28.4,19.3,87.0,48.0,66.5,916.3250000000002,23.614583333333336
2019-04-30,0.9629870092787282,0.0,28.4,17.4,90.0,47.0,69.20833333333333,918.7750000000001,22.847916666666666
2019-05-01,1.368127174994698,0.0,29.2,19.6,84.0,45.0,69.125,919.1375000000002,23.383333333333336
2019-05-02,1.1312760011915157,0.0,28.7,19.5,91.0,54.0,74.75,918.1291666666665,23.033333333333335
2019-05-03,0.7292522982887457,0.0,28.5,19.2,92.0,51.0,79.75,919.4291666666667,22.468750000000004
2019-05-04,1.2684003649723055,0.0,28.7,19.8,90.0,52.0,75.375,920.6208333333335,23.15625
2019-05-05,1.5800466462922822,0.0,28.1,18.6,90.0,38.0,69.125,921.15,22.625
2019-05-06,1.1125772243123169,0.0,28.8,18.9,79.0,45.0,65.625,920.7416666666669,22.702083333333334
2019-05-07,0.6513407279587512,0.0,30.1,17.7,91.0,38.0,67.875,918.7916666666666,23.35
2019-05-08,0.9692199349051275,0.0,28.2,18.8,91.0,51.0,74.33333333333333,919.7291666666666,22.4
2019-05-09,1.7140545472598718,0.0,24.8,17.7,84.0,62.0,76.54166666666667,920.0208333333334,20.306249999999995
2019-05-10,1.3992918031266957,0.0,26.7,17.1,85.0,49.0,73.08333333333333,918.9541666666665,20.816666666666663
2019-05-11,1.2715168277855053,0.0,26.0,17.7,86.0,52.0,72.58333333333333,918.6624999999999,21.21666666666667
2019-05-12,0.7043205957831474,0.0,29.3,16.3,90.0,44.0,69.33333333333333,919.9666666666668,21.93125
2019-05-13,0.9162400670807312,0.0,29.6,17.8,90.0,44.0,67.91666666666667,920.4249999999998,23.212500000000006
2019-05-14,0.6793888932775493,0.0,29.4,18.0,91.0,47.0,69.45833333333333,919.2875,23.3125
2019-05-15,1.0408985796087222,0.0,28.1,18.3,92.0,51.0,78.20833333333333,918.1666666666665,21.900000000000002
2019-05-16,1.0533644308615213,0.0,23.5,16.9,93.0,65.0,82.125,920.2625000000002,19.59166666666667
2019-05-17,0.9785693233447271,0.0,20.9,16.7,89.0,68.0,80.45833333333333,920.5208333333336,18.75625
2019-05-18,1.3494283981154995,0.0,26.8,17.2,90.0,51.0,77.29166666666667,920.0541666666667,20.15833333333333
2019-05-19,1.1312760011915155,0.0,26.4,15.5,92.0,50.0,75.29166666666667,919.9208333333332,20.308333333333337
2019-05-20,0.6544571907719511,0.0,27.6,15.6,92.0,32.0,67.625,919.5083333333336,20.733333333333334
2019-05-21,0.7323687611019453,0.0,28.4,13.7,91.0,30.0,63.0,919.6708333333332,20.802083333333332
2019-05-22,0.5952443973211555,0.0,28.9,14.1,89.0,34.0,60.958333333333336,919.2916666666669,21.391666666666666
2019-05-23,0.6388748767059524,0.0,28.8,15.4,88.0,36.0,64.08333333333333,918.779166666667,21.44375
2019-05-24,0.8258626454979383,0.0,28.8,15.7,90.0,40.0,65.79166666666667,917.7208333333336,21.87291666666667
2019-05-25,1.1188101499387166,0.0,27.3,16.3,91.0,47.0,68.54166666666667,917.6999999999998,21.441666666666666
2019-05-26,0.6357584138927526,0.0,28.0,13.9,86.0,38.0,61.791666666666664,919.4291666666669,20.881250000000005
2019-05-27,0.7946980173659406,0.0,28.5,16.8,83.0,40.0,66.5,920.2541666666667,21.702083333333334
2019-05-28,0.8507943480035364,0.0,28.7,16.5,90.0,38.0,66.5,919.9125,22.081250000000004
2019-05-29,0.6357584138927526,0.0,29.0,16.3,91.0,38.0,68.95833333333333,920.3333333333335,21.987500000000004
2019-05-30,1.1842558690159115,0.0,28.1,17.0,88.0,44.0,66.625,919.9291666666668,22.070833333333333
2019-05-31,1.0221998027295238,0.0,28.9,15.6,89.0,39.0,64.33333333333333,918.7249999999999,21.91041666666667
2019-06-01,0.7728827776735422,0.0,29.7,16.4,87.0,30.0,60.333333333333336,918.1999999999999,22.489583333333332
2019-06-02,0.5827785460683564,0.0,29.9,15.2,91.0,25.0,58.75,919.0624999999999,22.483333333333334
2019-06-03,1.1749064805763123,0.0,28.5,16.2,88.0,43.0,65.625,920.5875,21.764583333333327
2019-06-04,0.8663766620695353,0.0,25.5,14.2,93.0,30.0,73.125,922.3000000000001,18.833333333333332
2019-06-05,2.27190139082263,0.0,23.2,12.5,75.0,34.0,56.75,924.2208333333333,17.125
2019-06-06,1.8948093904254586,0.0,22.9,12.1,84.0,38.0,60.5,924.2666666666668,17.020833333333332
2019-06-07,1.255934513719506,0.0,24.1,11.2,88.0,31.0,61.125,923.5500000000002,17.49375
2019-06-08,0.5547303807495585,0.0,23.6,11.6,86.0,36.0,64.08333333333333,922.6166666666668,17.022916666666667
2019-06-09,1.3307296212363007,0.0,23.6,11.7,91.0,39.0,66.08333333333333,923.8916666666665,17.381249999999998
2019-06-10,1.6049783487978801,0.0,24.3,11.4,87.0,39.0,63.083333333333336,924.7333333333331,18.089583333333334
2019-06-11,1.6704240678750757,0.0,24.4,15.1,85.0,53.0,71.75,924.0625000000001,19.087500000000002
2019-06-12,1.620560662863879,0.0,24.5,16.5,82.0,54.0,70.08333333333333,924.0833333333334,19.9375
2019-06-13,1.7483356382050694,0.0,26.2,16.4,87.0,44.0,67.16666666666667,924.8666666666668,20.66875
2019-06-14,1.5426490925338845,0.0,27.0,15.9,84.0,30.0,62.875,924.9958333333337,20.599999999999998
2019-06-15,1.4834362990830892,0.0,26.7,16.8,81.0,39.0,63.416666666666664,924.7458333333333,20.47083333333333
2019-06-16,0.897541290201533,0.0,25.6,14.6,86.0,36.0,62.166666666666664,925.0916666666667,19.820833333333333
2019-06-17,0.9037742158279326,0.0,25.5,13.3,86.0,40.0,64.5,924.3125,19.120833333333334
2019-06-18,1.2870991418515036,0.0,26.0,13.7,88.0,40.0,64.75,923.3166666666666,19.31041666666667
2019-06-19,0.9442882323995294,0.0,26.8,15.9,78.0,31.0,53.5,922.9666666666667,21.15416666666667
2019-06-20,0.6700395048379499,0.0,27.4,13.6,88.0,31.0,60.0,923.5208333333334,19.81875
2019-06-21,1.8355965969746633,0.0,25.0,15.4,76.0,41.0,61.5,926.2916666666665,19.35416666666667
2019-06-22,1.1717900177631129,0.0,24.4,13.3,91.0,47.0,72.875,927.8666666666667,18.020833333333332
2019-06-23,1.3556613237418988,0.0,24.9,15.5,84.0,44.0,67.75,925.8833333333331,19.170833333333334
2019-06-24,0.8258626454979383,0.0,26.7,14.3,91.0,39.0,67.04166666666667,921.8250000000002,20.039583333333333
2019-06-25,0.9349388439599303,0.0,28.0,15.9,87.0,39.0,67.58333333333333,919.8333333333331,20.714583333333334
2019-06-26,1.0253162655427235,0.0,29.2,17.5,80.0,28.0,59.583333333333336,920.5958333333334,22.00416666666667
2019-06-27,1.2123040343347093,0.0,28.4,18.3,74.0,32.0,56.25,922.2833333333334,22.322916666666664
2019-06-28,1.8729941507330599,0.0,26.5,18.2,79.0,34.0,59.083333333333336,923.375,21.568749999999994
2019-06-29,1.8605282994802608,0.0,26.1,16.2,77.0,44.0,63.583333333333336,923.2750000000001,19.84375
2019-06-30,0.8040474058055399,0.0,27.3,14.5,87.0,27.0,60.125,922.5374999999999,20.25416666666667
2019-07-01,0.6544571907719511,0.0,27.4,14.6,89.0,30.0,61.875,921.0958333333334,20.370833333333334
2019-07-02,0.5547303807495587,0.0,27.4,12.9,87.0,29.0,57.666666666666664,917.4458333333333,19.816666666666663
2019-07-03,0.8227461826847386,0.0,28.9,13.4,85.0,26.0,54.291666666666664,916.2541666666666,20.166666666666664
2019-07-04,0.9536376208391288,0.0,28.8,13.9,77.0,22.0,49.25,916.9833333333335,20.847916666666666
2019-07-05,1.2528180509063065,0.0,27.8,15.7,75.0,36.0,56.375,918.3749999999999,21.43958333333333
2019-07-06,1.6205606628638791,0.0,23.6,14.3,84.0,25.0,55.333333333333336,920.8499999999999,18.679166666666667
2019-07-07,1.137508926817915,0.0,23.2,7.3,77.0,23.0,49.125,923.3916666666668,15.172916666666667
2019-07-08,2.1036123989098425,0.0,21.4,10.4,71.0,38.0,54.458333333333336,926.1666666666666,15.385416666666664
2019-07-09,1.7202874728862714,0.0,22.3,10.5,76.0,32.0,56.0,926.1416666666669,15.8875
2019-07-10,1.4024082659398953,0.0,22.8,11.0,75.0,33.0,56.083333333333336,924.9999999999997,16.37708333333333
2019-07-11,0.7884650917395413,0.0,24.7,9.8,86.0,23.0,53.875,922.4041666666666,16.929166666666664
2019-07-12,0.7386016867283448,0.0,26.2,9.6,86.0,27.0,57.541666666666664,921.3250000000002,17.622916666666665
2019-07-13,0.6201760998267536,0.0,28.9,11.5,89.0,19.0,55.375,921.2541666666666,19.347916666666666
2019-07-14,0.657573653585151,0.0,28.9,13.3,83.0,23.0,52.166666666666664,920.2124999999997,20.495833333333334
2019-07-15,0.5671962320023577,0.0,28.6,13.3,80.0,21.0,47.833333333333336,919.2916666666665,20.662499999999998
2019-07-16,0.8539108108167361,0.0,28.3,14.1,73.0,26.0,47.916666666666664,918.8458333333333,20.8125
2019-07-17,1.4491552081378918,0.0,22.7,13.4,86.0,44.0,64.0,922.691666666667,17.86041666666667
2019-07-18,2.1846404320530364,0.0,22.0,13.2,71.0,38.0,56.458333333333336,925.7500000000001,16.59166666666667
2019-07-19,2.2656684651962307,0.0,23.2,11.6,80.0,39.0,59.541666666666664,926.7916666666665,16.325
2019-07-20,2.1472428782946396,0.0,22.2,12.9,80.0,38.0,59.166666666666664,926.1333333333336,17.025
2019-07-21,2.536800729944611,0.0,23.2,13.2,81.0,38.0,64.41666666666667,925.3416666666666,17.1625
2019-07-22,2.031933754206248,0.0,23.9,14.5,82.0,40.0,64.20833333333333,925.6999999999999,17.99375
2019-07-23,1.7202874728862714,0.0,25.2,14.7,82.0,33.0,61.875,925.1583333333333,18.74583333333333
2019-07-24,1.243468662466707,0.0,27.5,14.7,77.0,30.0,55.5,923.9791666666669,20.143749999999997
2019-07-25,1.7639179522710686,0.0,25.8,15.3,70.0,44.0,57.25,923.8333333333331,19.929166666666667
2019-07-26,1.7763838035238677,0.0,25.4,15.9,80.0,31.0,57.791666666666664,925.5416666666666,19.481250000000003
2019-07-27,0.7759992404867421,0.0,25.1,11.8,78.0,32.0,54.166666666666664,926.3916666666668,18.202083333333334
2019-07-28,1.1281595383783156,0.0,26.9,12.4,80.0,25.0,51.416666666666664,924.3000000000002,19.31458333333334
2019-07-29,1.6018618859846807,0.0,26.6,11.7,79.0,30.0,51.958333333333336,923.5166666666668,19.210416666666664
2019-07-30,1.7452191753918698,0.0,26.2,16.3,77.0,35.0,57.833333333333336,922.5791666666668,20.21666666666667
2019-07-31,0.9910351745975259,0.0,28.5,14.9,82.0,26.0,54.541666666666664,920.7833333333333,21.091666666666665
2019-08-01,1.3992918031266954,0.0,29.4,0.0,73.0,0.0,50.791666666666664,920.4291666666667,19.447916666666664
2019-08-02,1.044015042421922,0.0,30.5,14.7,78.0,16.0,47.083333333333336,920.7791666666667,22.25416666666667
2019-08-03,1.243468662466707,0.0,28.9,16.8,70.0,29.0,48.916666666666664,920.6125000000001,22.358333333333334
2019-08-04,2.596013523395406,0.0,24.2,16.8,73.0,47.0,62.833333333333336,923.9166666666665,20.07083333333333
2019-08-05,2.577314746516207,0.0,23.5,13.3,77.0,44.0,64.125,928.2833333333334,17.26666666666667
2019-08-06,2.496286713373014,0.0,21.1,15.7,75.0,56.0,66.08333333333333,928.8916666666664,18.043750000000003
2019-08-07,1.8200142829086643,0.0,25.6,17.1,77.0,45.0,64.16666666666667,927.9291666666664,20.07291666666667
2019-08-08,1.5738137206658822,0.0,28.7,16.7,88.0,34.0,64.04166666666667,926.3166666666666,21.38958333333333
2019-08-09,1.5364161669074852,0.0,28.8,16.7,84.0,27.0,59.791666666666664,924.6541666666668,21.627083333333335
2019-08-10,1.4086411915662944,0.0,29.6,17.4,73.0,26.0,52.833333333333336,924.0124999999998,22.604166666666668
2019-08-11,1.3525448609286992,0.0,30.1,16.5,80.0,29.0,52.416666666666664,923.6916666666666,23.06458333333333
2019-08-12,1.3837094890606965,0.0,28.2,17.1,68.0,28.0,48.166666666666664,923.1166666666667,22.470833333333335
2019-08-13,0.9972681002239254,0.0,30.6,14.4,77.0,22.0,48.291666666666664,921.9083333333334,21.910416666666666
2019-08-14,2.050632531085447,0.0,26.6,17.0,78.0,37.0,58.458333333333336,923.8458333333333,21.28125
2019-08-15,2.2812507792622303,0.0,24.1,14.1,72.0,35.0,57.833333333333336,927.3833333333333,18.25
2019-08-16,1.9602551095026541,0.0,24.7,12.1,75.0,31.0,54.458333333333336,926.5833333333334,17.547916666666666
2019-08-17,1.8293636713482637,0.0,24.7,12.1,72.0,25.0,48.625,924.0208333333335,17.889583333333334
2019-08-18,1.0253162655427235,0.0,28.2,12.7,72.0,24.0,45.208333333333336,921.6,20.039583333333333
2019-08-19,0.7261358354755456,0.0,30.8,14.5,73.0,21.0,44.625,919.9291666666668,22.20625
2019-08-20,1.4117576543794945,0.0,28.9,19.3,62.0,32.0,45.791666666666664,921.1250000000001,23.46875
2019-08-21,1.5613478694130833,0.0,29.1,17.9,74.0,33.0,58.0,922.125,22.62708333333333
2019-08-22,2.066214845151446,0.0,26.9,17.9,77.0,43.0,66.25,922.6374999999999,20.766666666666666
2019-08-23,1.779500266337067,0.0,25.9,16.2,81.0,49.0,69.95833333333333,921.8249999999999,19.447916666666664
2019-08-24,1.255934513719506,0.0,27.5,13.4,90.0,25.0,62.458333333333336,922.5166666666669,19.5875
2019-08-25,2.1534758039210393,0.0,26.3,15.2,72.0,33.0,56.333333333333336,924.875,19.854166666666668
2019-08-26,2.0724477707778455,0.0,26.4,15.9,77.0,33.0,57.708333333333336,925.3333333333335,19.924999999999997
2019-08-27,1.9633715723158536,0.0,28.0,15.4,74.0,29.0,54.791666666666664,924.9166666666669,20.245833333333334
2019-08-28,2.0724477707778455,0.0,25.6,15.1,74.0,33.0,56.916666666666664,924.045833333333,19.120833333333334
2019-08-29,2.0911465476570434,0.0,24.0,14.2,71.0,32.0,55.75,923.1291666666667,18.295833333333334
2019-08-30,1.5270667784678864,0.0,28.5,14.6,73.0,27.0,52.833333333333336,921.6541666666667,20.166666666666668
2019-08-31,1.6392594397430773,0.0,30.8,16.5,69.0,25.0,50.0,920.5041666666667,22.44375
2019-09-01,1.259050976532706,0.0,33.0,16.8,76.0,21.0,45.125,918.2583333333331,24.664583333333333
2019-09-02,1.4398058196982926,0.0,30.4,19.1,64.0,29.0,45.708333333333336,918.3958333333335,24.668750000000003
2019-09-03,1.8636447622934609,0.0,33.6,19.8,65.0,22.0,45.416666666666664,919.6666666666666,25.602083333333326
2019-09-04,1.844945985414262,0.0,33.7,20.6,59.0,18.0,38.375,921.2583333333336,26.34583333333333
2019-09-05,2.3279977214602265,0.0,30.1,17.9,70.0,31.0,51.25,922.9541666666668,24.147916666666667
2019-09-06,2.377861126471423,0.0,26.1,18.8,75.0,46.0,63.791666666666664,924.6541666666666,21.41875
2019-09-07,1.8667612251066603,0.0,29.2,16.7,78.0,34.0,59.208333333333336,925.2541666666666,21.583333333333332
2019-09-08,2.324881258647027,0.0,27.5,17.2,75.0,38.0,59.0,925.1291666666667,21.435416666666665
2019-09-09,1.7950825804030666,0.0,28.2,15.9,72.0,24.0,50.583333333333336,923.5958333333334,21.527083333333337
2019-09-10,1.486552761896289,0.0,33.6,18.0,63.0,17.0,41.916666666666664,921.4499999999999,24.40833333333334
2019-09-11,1.5987454231714804,0.0,34.6,18.1,73.0,19.0,44.5,919.3625000000002,25.98125
2019-09-12,1.5332997040942853,0.0,35.4,19.2,68.0,15.0,40.208333333333336,918.8666666666668,26.8125
2019-09-13,1.5364161669074852,0.0,36.4,21.2,57.0,14.0,32.041666666666664,918.9958333333335,28.4
2019-09-14,2.6863909449781995,0.0,31.3,19.9,70.0,20.0,47.25,920.5291666666666,25.275000000000006
2019-09-15,2.0475160682722464,0.0,29.7,18.4,75.0,34.0,52.625,921.4875000000001,23.487499999999997
2019-09-16,2.109845324536242,0.0,29.4,19.0,64.0,30.0,50.958333333333336,921.0416666666669,23.15833333333333
2019-09-17,1.5769301834790823,0.0,33.7,18.7,65.0,15.0,44.791666666666664,918.475,24.64583333333333
2019-09-18,0.9661034720919277,0.0,34.5,18.6,64.0,13.0,36.041666666666664,915.9291666666664,26.38541666666667
2019-09-19,1.6454923653694769,0.0,35.0,22.0,46.0,16.0,30.625,915.6916666666665,27.81458333333333
2019-09-20,1.7701508778974677,0.0,34.4,21.6,53.0,19.0,38.708333333333336,917.3583333333332,27.35
2019-09-21,1.9976526632610505,0.0,34.7,22.3,57.0,23.0,43.291666666666664,917.9166666666666,27.325000000000003
2019-09-22,2.3965599033506204,0.0,31.2,21.4,64.0,36.0,51.208333333333336,919.4916666666664,25.333333333333332
2019-09-23,2.9512902841001796,0.0,24.9,17.5,72.0,45.0,62.291666666666664,923.2624999999999,21.0625
2019-09-24,2.2874837048886283,0.0,28.9,14.5,70.0,28.0,53.041666666666664,923.8375,20.10416666666667
2019-09-25,2.1410099526682402,0.0,21.1,16.0,87.0,52.0,69.29166666666667,921.5625,17.78125
2019-09-26,1.0627138193011207,0.0,18.0,15.9,91.0,68.0,83.54166666666667,920.65,16.96458333333333
2019-09-27,0.7541840007943434,0.0,28.1,14.7,92.0,40.0,72.16666666666667,919.0833333333331,19.989583333333336
2019-09-28,1.913508167304657,0.0,27.7,17.3,82.0,44.0,66.25,919.5500000000002,21.5125
2019-09-29,1.8916929276122587,0.0,29.8,18.6,81.0,35.0,66.5,918.2208333333333,22.243750000000006
2019-09-30,1.901042316051858,0.0,31.0,18.1,82.0,28.0,61.625,918.1791666666664,22.847916666666663
2019-10-01,2.1597087295474386,0.0,31.1,18.0,78.0,27.0,52.541666666666664,918.4541666666668,23.74375
2019-10-02,2.01011851451385,0.0,31.9,17.3,77.0,22.0,45.916666666666664,918.0083333333332,24.025
2019-10-03,1.8916929276122585,0.0,31.4,18.5,54.0,25.0,41.416666666666664,918.3166666666666,23.624999999999996
2019-10-04,2.4682385480542157,0.0,29.7,18.0,70.0,27.0,45.791666666666664,919.65,23.118750000000006
2019-10-05,2.324881258647026,0.0,30.5,17.9,75.0,26.0,53.75,918.6500000000001,23.079166666666666
2019-10-06,2.2126885973718347,0.0,31.2,18.7,69.0,32.0,51.625,917.6,23.781250000000004
2019-10-07,2.237620299877433,0.0,31.1,19.3,67.0,33.0,50.083333333333336,918.1291666666665,24.57708333333333
2019-10-08,2.01011851451385,0.0,32.5,20.5,61.0,30.0,48.375,918.0374999999999,25.12916666666667
2019-10-09,1.9602551095026537,0.0,31.6,20.2,72.0,34.0,53.125,918.7708333333334,24.995833333333334
2019-10-10,2.293716630515029,0.0,29.5,20.5,72.0,40.0,59.625,919.5125000000002,23.577083333333327
2019-10-11,2.1472428782946396,0.0,29.8,19.0,75.0,32.0,54.208333333333336,920.7583333333332,23.366666666666667
2019-10-12,1.9197410929310563,0.0,32.9,19.4,68.0,24.0,46.958333333333336,920.1833333333335,24.945833333333333
2019-10-13,2.2095721345586354,0.0,33.2,20.3,62.0,18.0,43.958333333333336,918.7791666666666,25.604166666666664
2019-10-14,2.193989820492636,0.0,32.5,19.8,59.0,14.0,40.541666666666664,918.1250000000001,25.241666666666664
2019-10-15,1.7639179522710682,0.0,33.5,20.1,48.0,15.0,34.25,918.6916666666667,25.547916666666666
2019-10-16,2.084913622030644,0.0,31.8,19.9,66.0,24.0,43.333333333333336,919.7625000000002,25.25833333333333
2019-10-17,2.1565922667342394,0.0,32.3,19.7,66.0,16.0,37.458333333333336,920.1458333333331,25.56666666666667
2019-10-18,1.4366893568850925,0.0,34.4,20.2,51.0,15.0,30.75,918.9250000000002,26.668749999999996
2019-10-19,1.4834362990830892,0.0,36.0,20.8,61.0,20.0,35.375,916.8916666666665,27.63125
2019-10-20,1.7015886960070727,0.0,32.0,20.7,69.0,32.0,52.541666666666664,915.6625,25.33125
2019-10-21,1.7545685638314685,0.0,27.3,20.5,72.0,49.0,60.583333333333336,914.4999999999999,23.925000000000004
2019-10-22,1.2216534227743086,0.0,31.4,19.0,91.0,32.0,63.916666666666664,914.2583333333333,24.116666666666667
2019-10-23,1.6860063819410742,0.0,32.0,19.7,77.0,33.0,60.875,916.4375,24.4625
2019-10-24,2.084913622030644,0.0,31.4,20.3,74.0,36.0,59.958333333333336,918.4083333333334,24.11458333333333
2019-10-25,1.2808662162251045,0.0,34.3,18.8,81.0,25.0,56.416666666666664,918.1791666666668,25.26041666666667
2019-10-26,2.097379473283443,0.0,35.3,16.6,84.0,25.0,56.333333333333336,918.7458333333333,24.99375
2019-10-27,1.5083680015886876,0.0,32.2,17.6,80.0,33.0,55.833333333333336,919.3125000000001,24.127083333333335
2019-10-28,1.4086411915662949,0.0,33.9,19.9,89.0,27.0,58.541666666666664,918.4708333333334,24.914583333333333
2019-10-29,1.3681271749946977,0.0,33.1,18.3,92.0,30.0,68.58333333333333,917.4416666666665,22.75625
2019-10-30,1.0782961333671193,0.0,31.2,17.2,92.0,35.0,73.04166666666667,917.7625000000002,22.28125
2019-10-31,1.365010712181498,0.0,31.0,18.8,88.0,35.0,65.66666666666667,918.4999999999999,23.827083333333334
2019-11-01,1.2870991418515039,0.0,30.9,18.7,90.0,40.0,68.08333333333333,918.4375000000001,23.375
2019-11-02,1.9290904813706562,0.0,29.1,18.5,89.0,43.0,69.04166666666667,918.8249999999999,22.568749999999998
2019-11-03,1.7795002663370671,0.0,32.3,19.5,78.0,30.0,57.458333333333336,916.5499999999998,24.489583333333336
2019-11-04,1.2465851252799065,0.0,35.0,20.9,71.0,21.0,46.708333333333336,915.1166666666667,27.375
2019-11-05,1.2123040343347096,0.0,35.4,21.5,83.0,28.0,50.958333333333336,915.9374999999999,27.30625
2019-11-06,1.109460761499117,0.0,34.9,21.6,81.0,28.0,57.541666666666664,916.1666666666669,27.14583333333333
2019-11-07,2.035050217019448,0.0,31.3,22.3,74.0,36.0,56.583333333333336,916.8083333333337,26.150000000000002
2019-11-08,1.7452191753918693,0.0,33.1,20.6,88.0,31.0,54.208333333333336,915.3625000000001,26.056250000000002
2019-11-09,1.3712436378078974,0.0,33.8,19.5,89.0,29.0,61.416666666666664,916.2125000000001,25.80416666666667
2019-11-10,1.3369625468627004,0.0,34.6,20.1,82.0,24.0,50.833333333333336,916.8791666666667,26.625000000000004
2019-11-11,1.4647375222038903,0.0,35.1,21.5,70.0,21.0,45.875,915.975,27.65833333333333
2019-11-12,2.783001292187392,0.0,27.6,20.7,72.0,50.0,61.958333333333336,917.7125000000001,23.57708333333333
2019-11-13,2.2563190767566312,0.0,30.6,19.9,87.0,39.0,62.791666666666664,917.8875000000002,23.897916666666667
2019-11-14,1.7514521010182695,0.0,30.8,20.0,89.0,42.0,72.08333333333333,916.7750000000001,22.90416666666667
2019-11-15,0.9193565298939314,0.0,25.4,19.0,92.0,65.0,85.54166666666667,915.166666666667,20.777083333333337
2019-11-16,0.9100071414543319,0.0,28.5,18.8,92.0,50.0,78.29166666666667,913.0916666666667,21.91875
2019-11-17,1.885460001985859,0.0,27.8,19.4,85.0,54.0,71.375,914.4958333333334,22.885416666666668
2019-11-18,1.2341192740271079,0.0,22.8,18.8,91.0,75.0,84.25,918.0666666666667,20.597916666666666
2019-11-19,1.0502479680483214,0.0,28.7,18.7,91.0,49.0,81.04166666666667,918.7208333333334,21.339583333333334
2019-11-20,1.4834362990830892,0.0,24.0,19.2,90.0,59.0,77.08333333333333,918.9166666666666,21.029166666666665
2019-11-21,2.2843672420754295,0.0,28.7,19.2,80.0,44.0,67.20833333333333,918.4541666666664,22.61458333333333
2019-11-22,1.8262472085350634,0.0,28.5,18.8,84.0,48.0,71.79166666666667,917.2583333333336,22.391666666666666
2019-11-23,1.084529058993519,0.0,30.2,17.9,92.0,44.0,79.54166666666667,916.3958333333335,22.210416666666667
2019-11-24,0.8476778851903365,0.0,27.0,18.6,92.0,55.0,83.875,915.8416666666666,20.983333333333334
2019-11-25,1.6860063819410736,0.0,26.7,17.1,87.0,54.0,71.75,917.0083333333332,20.906249999999996
2019-11-26,2.14412641548144,0.0,28.9,18.1,82.0,45.0,67.66666666666667,917.8583333333335,22.077083333333334
2019-11-27,1.6828899191278743,0.0,29.9,17.5,80.0,39.0,62.916666666666664,917.3541666666666,22.63125
2019-11-28,1.2839826790383038,0.0,31.9,18.7,88.0,40.0,67.75,915.2916666666666,23.858333333333334
2019-11-29,1.1156936871255165,0.0,26.7,19.6,91.0,62.0,80.75,916.0999999999999,22.02916666666666
2019-11-30,1.040898579608722,0.0,28.3,19.4,91.0,52.0,79.33333333333333,916.7083333333334,22.806249999999995
2019-12-01,1.1406253896311145,0.0,29.4,19.7,92.0,47.0,76.95833333333333,916.4291666666667,23.27916666666667
2019-12-02,0.9879187117843263,0.0,30.1,19.2,92.0,49.0,79.45833333333333,915.7583333333336,22.770833333333336
2019-12-03,1.9415563326234553,0.0,25.4,19.2,91.0,65.0,80.58333333333333,915.9833333333335,21.529166666666665
2019-12-04,2.1254276386022415,0.0,27.4,18.6,89.0,56.0,73.75,917.6250000000001,22.114583333333336
2019-12-05,1.0408985796087222,0.0,27.3,19.3,91.0,65.0,83.54166666666667,916.8125,21.99791666666667
2019-12-06,1.1593241665103133,0.0,28.9,19.4,92.0,54.0,82.125,915.0791666666668,22.55625
2019-12-07,0.7043205957831474,0.0,26.6,20.3,92.0,66.0,87.75,915.5500000000001,21.704166666666666
2019-12-08,1.9353234069970557,0.0,24.1,18.5,90.0,64.0,77.45833333333333,917.645833333333,20.4625
2019-12-09,1.6579582166222766,0.0,27.7,18.3,84.0,55.0,75.16666666666667,917.8333333333334,21.68333333333333
2019-12-10,1.0097339514767247,0.0,25.6,19.7,91.0,68.0,83.41666666666667,917.5583333333333,21.45416666666667
2019-12-11,0.6326419510795529,0.0,28.0,19.4,92.0,56.0,78.875,916.0916666666664,22.31875
2019-12-12,0.93493884395993,0.0,27.2,19.1,92.0,61.0,83.625,915.6208333333334,21.739583333333332
2019-12-13,0.9816857861579267,0.0,31.3,18.5,92.0,39.0,72.58333333333333,916.5791666666668,23.685416666666665
2019-12-14,1.8885764647990588,0.0,30.2,18.9,88.0,43.0,64.41666666666667,919.9500000000003,24.412499999999998
2019-12-15,2.661459242472601,0.0,29.0,20.2,77.0,32.0,56.083333333333336,920.6916666666666,24.187499999999996
2019-12-16,1.7234039356994713,0.0,30.0,18.7,77.0,26.0,56.666666666666664,918.8708333333335,23.90625
2019-12-17,1.6112112744242797,0.0,31.2,20.3,78.0,28.0,55.833333333333336,916.6958333333333,25.12291666666667
2019-12-18,1.321380232796701,0.0,32.4,20.8,70.0,28.0,52.208333333333336,916.5708333333336,26.097916666666663
2019-12-19,1.7576850266446689,0.0,30.5,19.9,89.0,43.0,67.45833333333333,918.3708333333333,24.087500000000002
2019-12-20,1.6299100513034783,0.0,30.7,19.7,88.0,42.0,66.04166666666667,918.475,24.44791666666667
2019-12-21,0.9318223811467304,0.0,29.2,20.0,91.0,46.0,69.45833333333333,917.9708333333333,23.9125
2019-12-22,1.1967217202687106,0.0,32.9,20.3,84.0,34.0,59.458333333333336,916.8625000000001,25.975000000000005
2019-12-23,1.081412596180319,0.0,25.9,19.0,91.0,59.0,78.58333333333333,917.9916666666667,22.360416666666666
2019-12-24,0.9287059183335304,0.0,24.6,17.6,91.0,65.0,81.29166666666667,918.0833333333335,21.237500000000004
2019-12-25,1.2746332905987048,0.0,30.3,17.4,91.0,36.0,67.5,917.7166666666668,23.354166666666664
2019-12-26,1.589396034731881,0.0,30.4,20.8,79.0,37.0,60.541666666666664,918.6750000000002,24.989583333333336
2019-12-27,1.8792270763594598,0.0,29.1,19.9,83.0,40.0,60.208333333333336,919.5666666666666,24.0
2019-12-28,1.4678539850170902,0.0,28.6,19.7,88.0,44.0,65.58333333333333,918.8416666666668,23.24791666666667
2019-12-29,1.1811394062027116,0.0,29.4,18.8,90.0,40.0,72.66666666666667,917.5208333333334,22.43333333333333
2019-12-30,1.620560662863879,0.0,29.3,18.1,84.0,32.0,61.375,915.8666666666664,22.852083333333333
2019-12-31,1.760801489457868,0.0,29.9,18.8,79.0,37.0,59.125,915.2041666666668,23.981250000000003
