,Data,vento,radiacao,temp_max,temp_min,umi_max,umi_min,umi_rel,press_atm,temp_media,Eto
0,2018-01-01,1.2154204971479097,0.0,29.8,20.3,92.0,40.0,75.375,916.4916666666667,23.59583333333333,5.370115939715108
1,2018-01-02,1.4086411915662949,0.0,29.8,19.4,92.0,49.0,71.58333333333333,914.3500000000003,23.9125,5.6336320882829725
2,2018-01-03,1.280866216225104,0.0,30.1,18.7,93.0,47.0,74.16666666666667,913.7458333333333,23.760416666666664,5.854841075459748
3,2018-01-04,0.9879187117843264,0.0,22.4,18.8,93.0,85.0,91.16666666666669,916.4916666666667,20.397916666666664,3.612599006548605
4,2018-01-05,0.9255894555203308,0.0,28.0,19.0,93.0,58.0,85.95833333333331,918.8625000000003,21.172916666666666,5.294477657855668
5,2018-01-06,0.8165132570583391,0.0,27.3,17.7,92.0,57.0,79.45833333333333,918.5916666666667,21.45833333333333,5.397968775567842
6,2018-01-07,1.0284327283559231,0.0,29.7,19.1,92.0,46.0,73.375,917.5166666666668,23.37291666666667,5.642022788298938
7,2018-01-08,2.053748993898646,0.0,29.0,20.2,80.0,34.0,60.70833333333334,918.9958333333329,24.227083333333336,5.049432834618429
8,2018-01-09,2.3092989445810272,0.0,29.2,19.7,73.0,39.0,55.58333333333334,920.9708333333333,23.74166666666667,5.196057819567329
9,2018-01-10,2.2282709114378343,0.0,29.4,20.3,77.0,38.0,58.20833333333334,921.7000000000003,24.422916666666666,5.130389376186713
10,2018-01-11,2.072447770777845,0.0,27.7,19.6,77.0,44.0,60.16666666666666,920.7791666666667,23.45208333333333,4.882961682323953
11,2018-01-12,1.2216534227743088,0.0,29.7,19.8,74.0,39.0,60.66666666666666,918.3666666666667,23.65000000000001,5.2951769007990865
12,2018-01-13,1.2746332905987048,0.0,30.1,19.9,77.0,34.0,59.25,917.0916666666667,24.322916666666664,5.3529735327911405
13,2018-01-14,1.168673554949912,0.0,28.5,19.4,90.0,54.0,74.70833333333333,918.4833333333332,22.78958333333334,5.268929962267919
14,2018-01-15,0.8258626454979383,0.0,29.8,18.9,89.0,47.0,72.33333333333333,918.9916666666667,23.239583333333336,5.66725217017758
15,2018-01-16,1.3712436378078976,0.0,30.7,19.1,90.0,38.0,63.41666666666666,919.7833333333334,25.02291666666667,5.785244207457131
16,2018-01-17,1.7701508778974675,0.0,30.2,19.7,77.0,35.0,56.58333333333334,919.5291666666667,25.20208333333333,5.408659271776122
17,2018-01-18,1.4179905800058945,0.0,30.7,19.5,68.0,27.0,46.125,919.7541666666666,25.08541666666667,5.416278429538323
18,2018-01-19,1.299564993104303,0.0,32.4,20.2,69.0,23.0,45.54166666666666,919.2791666666667,25.975,5.623098399515117
19,2018-01-20,1.312030844357102,0.0,32.4,21.3,61.0,19.0,39.833333333333336,918.3333333333335,26.854166666666664,5.2868590523447585
20,2018-01-21,1.5987454231714806,0.0,32.2,21.8,51.0,21.0,37.0,917.6000000000003,26.704166666666666,5.05991182336089
21,2018-01-22,1.7109380844466722,0.0,31.1,21.9,77.0,34.0,53.75,916.3791666666666,25.489583333333336,5.122798796415963
22,2018-01-23,1.5332997040942855,0.0,29.7,20.4,88.0,45.0,64.54166666666667,916.9625,24.02708333333333,5.244668263072465
23,2018-01-24,1.4179905800058945,0.0,30.6,20.8,83.0,38.0,59.95833333333334,916.7666666666668,24.63958333333333,5.29983188025708
24,2018-01-25,2.178407506426637,0.0,29.8,20.7,73.0,38.0,56.54166666666666,915.8083333333333,24.79583333333333,5.041000735579402
25,2018-01-26,1.5052515387754877,0.0,31.3,20.1,66.0,30.0,50.875,915.4208333333336,25.1625,5.390137121953083
26,2018-01-27,1.6080948116110803,0.0,30.9,21.7,71.0,33.0,53.0,915.5,25.71666666666667,5.029916685373279
27,2018-01-28,1.5862795719186813,0.0,32.3,20.5,80.0,29.0,56.625,915.3041666666667,25.67708333333333,5.644673723541925
28,2018-01-29,1.121926612751916,0.0,30.5,19.8,91.0,44.0,63.625,914.0583333333333,25.03125,5.5543256027780865
29,2018-01-30,0.8414449595639373,0.0,29.4,18.7,93.0,55.0,83.08333333333333,913.1875,22.97083333333333,5.589830040013544
30,2018-01-31,0.7136699842227467,0.0,27.9,19.7,93.0,59.0,86.54166666666669,913.2833333333333,21.922916666666666,4.97111380200264
31,2018-02-01,0.9255894555203308,0.0,25.9,18.1,91.0,69.0,84.41666666666667,914.5,20.735416666666666,4.836388012903537
32,2018-02-02,1.121926612751916,0.0,21.6,18.3,92.0,81.0,90.20833333333331,913.7458333333334,19.922916666666666,3.381809285932269
33,2018-02-03,1.312030844357102,0.0,28.1,18.0,93.0,55.0,84.79166666666667,912.2916666666664,20.654166666666665,5.370029700275728
34,2018-02-04,1.4024082659398958,0.0,21.9,18.1,91.0,76.0,85.20833333333333,914.5208333333336,19.625,3.55384587636148
35,2018-02-05,0.984802248971126,0.0,22.4,17.6,93.0,80.0,89.70833333333331,913.775,19.2375,3.910744005859693
36,2018-02-06,1.0190833399163242,0.0,27.2,18.6,93.0,59.0,85.33333333333333,913.4541666666664,21.025000000000006,4.990118249451772
37,2018-02-07,0.897541290201533,0.0,28.0,18.3,93.0,50.0,80.16666666666667,914.6833333333333,21.84166666666667,5.207111182455254
38,2018-02-08,0.8009309429923401,0.0,31.2,18.4,93.0,41.0,70.125,916.0291666666666,23.75625,5.890065604049887
39,2018-02-09,1.826247208535064,0.0,31.3,20.6,83.0,40.0,66.95833333333333,917.5375,24.583333333333336,5.381542784408822
40,2018-02-10,1.1468583152575145,0.0,30.0,21.2,90.0,50.0,75.45833333333333,918.2875000000003,23.5,5.025731287366068
41,2018-02-11,1.5800466462922818,0.0,30.2,20.6,86.0,42.0,68.04166666666667,918.1833333333328,24.5,5.121802004776008
42,2018-02-12,1.4647375222038908,0.0,30.1,19.2,69.0,29.0,52.33333333333334,917.75,24.31041666666667,5.135619530884987
43,2018-02-13,1.5925124975450813,0.0,29.8,20.2,75.0,36.0,55.20833333333334,918.3291666666664,24.98958333333333,4.962389611818677
44,2018-02-14,1.7483356382050694,0.0,29.5,20.7,77.0,35.0,56.66666666666666,919.9958333333336,24.84166666666667,4.779941988362569
45,2018-02-15,1.9509057210630538,0.0,28.6,18.6,78.0,42.0,57.875,921.1958333333333,23.87083333333333,5.043308406588292
46,2018-02-16,1.5862795719186815,0.0,28.7,19.1,90.0,40.0,64.5,921.5375000000003,23.33750000000001,5.016721112904165
47,2018-02-17,1.5395326297206848,0.0,28.7,19.0,82.0,44.0,64.125,919.7291666666667,23.172916666666666,4.997241889578721
48,2018-02-18,1.4179905800058938,0.0,30.6,19.6,81.0,39.0,62.29166666666666,917.3541666666665,24.10416666666667,5.263924673651283
49,2018-02-19,1.3681271749946975,0.0,28.3,20.8,90.0,53.0,70.54166666666667,915.9208333333336,23.6625,4.5623134350772405
50,2018-02-20,0.910007141454332,0.0,28.6,19.2,91.0,54.0,81.29166666666667,915.9208333333336,22.183333333333334,5.005047347711132
51,2018-02-21,0.9224729927071312,0.0,28.3,19.6,91.0,59.0,82.08333333333333,915.3541666666667,22.591666666666665,4.853190575675818
52,2018-02-22,0.7759992404867421,0.0,25.3,19.2,92.0,69.0,87.625,915.5124999999997,20.983333333333334,4.154585437265214
53,2018-02-23,0.5983608601343553,0.0,27.7,18.7,92.0,53.0,80.66666666666667,916.8083333333334,21.72708333333333,4.8398019167798
54,2018-02-24,1.5177173900282868,0.0,29.1,18.7,93.0,49.0,77.25,917.6208333333334,22.895833333333336,5.14725004023348
55,2018-02-25,1.5519984809734841,0.0,28.2,18.5,92.0,54.0,76.41666666666667,918.4,22.22708333333333,4.97819250343923
56,2018-02-26,1.4148741171926942,0.0,29.2,20.1,89.0,52.0,75.70833333333333,918.4166666666667,22.64791666666667,4.841395383874388
57,2018-02-27,1.121926612751916,0.0,29.6,19.6,89.0,48.0,70.54166666666667,918.0291666666666,23.82708333333333,4.999668004353001
58,2018-02-28,1.2808662162251043,0.0,30.6,21.2,83.0,46.0,70.08333333333333,916.8791666666667,24.7375,4.843148363510835
59,2018-03-01,1.0190833399163242,0.0,31.4,19.6,91.0,43.0,69.875,918.6125000000003,24.33125,5.359207142224516
60,2018-03-02,1.0035010258503252,0.0,30.0,20.2,92.0,55.0,79.375,918.5541666666667,23.90208333333333,4.984856567975264
61,2018-03-03,1.137508926817915,0.0,30.7,19.7,91.0,46.0,75.79166666666667,916.5458333333336,23.989583333333336,5.161409456136494
62,2018-03-04,0.9162400670807312,0.0,29.8,20.6,90.0,53.0,77.875,914.6958333333333,23.71041666666667,4.788554053467254
63,2018-03-05,1.0502479680483217,0.0,29.2,18.9,93.0,53.0,82.66666666666667,914.2125,22.74166666666667,4.98548528887164
64,2018-03-06,0.8476778851903365,0.0,31.8,19.4,93.0,41.0,73.79166666666667,914.2625000000003,24.44791666666667,5.3757741816087545
65,2018-03-07,1.1717900177631122,0.0,29.8,20.1,92.0,48.0,74.25,914.8708333333334,24.24166666666667,4.811193382677334
66,2018-03-08,1.106344298685917,0.0,30.2,19.8,93.0,47.0,77.29166666666667,914.9708333333334,23.75625,4.941912623053534
67,2018-03-09,0.8383284967507374,0.0,24.7,19.4,93.0,68.0,87.25,916.3041666666667,21.472916666666666,3.705622833778182
68,2018-03-10,0.9474046952127292,0.0,27.5,20.2,92.0,60.0,82.58333333333333,915.8583333333332,22.54791666666667,4.226761486756921
69,2018-03-11,0.9692199349051276,0.0,26.8,19.7,93.0,66.0,87.54166666666669,914.2041666666664,22.00208333333333,4.171566503528374
70,2018-03-12,0.8944248273883331,0.0,30.4,19.1,93.0,40.0,75.25,913.8625,23.78958333333333,4.971460900310444
71,2018-03-13,0.6856218189039487,0.0,31.6,19.3,91.0,39.0,65.54166666666667,915.2791666666664,25.208333333333336,5.145458740803281
72,2018-03-14,1.3587777865550985,0.0,31.6,21.7,88.0,44.0,68.16666666666667,917.7125,25.70833333333333,4.7136744555327805
73,2018-03-15,1.2652839021591051,0.0,31.5,21.1,89.0,39.0,62.83333333333334,918.2041666666668,26.391666666666666,4.7477845133834045
74,2018-03-16,1.1717900177631124,0.0,31.0,18.6,93.0,45.0,70.25,917.7458333333333,24.68541666666667,5.122064316242615
75,2018-03-17,0.8507943480035364,0.0,29.3,19.2,92.0,50.0,81.25,917.2208333333334,22.21875,4.655461369518126
76,2018-03-18,1.299564993104303,0.0,29.4,19.0,92.0,45.0,73.125,916.2374999999997,23.145833333333336,4.6552147963529595
77,2018-03-19,1.1156936871255168,0.0,30.7,19.1,89.0,36.0,67.04166666666667,915.9333333333334,24.43125,4.794524091614864
78,2018-03-20,0.7604169264207433,0.0,29.7,19.1,92.0,41.0,71.54166666666667,916.5083333333336,23.879166666666666,4.623265425660328
79,2018-03-21,0.6077102485739546,0.0,28.1,20.2,90.0,53.0,74.70833333333333,916.9625,23.016666666666666,4.104032897036638
80,2018-03-22,0.7043205957831475,0.0,28.9,19.3,92.0,51.0,81.5,916.8875,22.12291666666667,4.432961545326949
81,2018-03-23,1.5551149437866834,0.0,28.4,18.1,92.0,55.0,76.125,917.8583333333336,22.347916666666666,4.536964700775404
82,2018-03-24,2.0443996054590468,0.0,26.8,19.3,80.0,45.0,67.75,919.4625000000003,22.375,3.829252806357164
83,2018-03-25,2.1160782501626416,0.0,27.9,18.9,83.0,53.0,69.75,919.7249999999997,22.37291666666667,4.174054261737317
84,2018-03-26,1.9415563326234544,0.0,27.5,19.2,81.0,40.0,65.16666666666667,919.8125,22.708333333333336,3.926809466877528
85,2018-03-27,1.7389862497654704,0.0,27.9,19.1,81.0,37.0,62.33333333333334,920.5375,22.60208333333333,3.9821517209341732
86,2018-03-28,1.583163109105482,0.0,27.6,17.3,86.0,45.0,64.29166666666667,920.2166666666666,22.37291666666667,4.274936455504852
87,2018-03-29,1.8542953738538612,0.0,27.6,18.7,82.0,41.0,64.41666666666667,919.5416666666665,22.73333333333333,3.9711575546312097
88,2018-03-30,1.7296368613258708,0.0,28.1,17.7,86.0,38.0,65.16666666666667,918.6833333333333,22.472916666666666,4.206333815529281
89,2018-03-31,1.5925124975450813,0.0,27.9,18.6,82.0,42.0,65.79166666666667,918.0833333333336,22.583333333333336,4.000486054789122
90,2018-04-01,1.3307296212363011,0.0,28.7,17.9,81.0,40.0,64.20833333333333,916.9958333333333,22.870833333333334,4.20930984686226
91,2018-04-02,1.1593241665103131,0.0,29.1,19.1,83.0,47.0,66.41666666666667,916.2708333333335,23.6125,4.136380816520123
92,2018-04-03,0.9629870092787282,0.0,30.2,19.1,88.0,46.0,70.45833333333333,914.4666666666667,24.129166666666666,4.34725036638171
93,2018-04-04,0.8850754389487339,0.0,30.0,19.8,91.0,45.0,74.5,914.4916666666667,23.572916666666664,4.187388662667625
94,2018-04-05,1.1499747780707144,0.0,30.5,18.9,91.0,44.0,75.875,914.8625000000003,23.181249999999995,4.382510065524531
95,2018-04-06,1.6112112744242797,0.0,26.1,19.3,92.0,50.0,77.04166666666667,916.3083333333334,21.61041666666667,3.4628044999571927
96,2018-04-07,1.6392594397430773,0.0,28.5,18.6,84.0,45.0,68.75,917.9583333333335,22.5625,3.956775594246502
97,2018-04-08,1.816897820095464,0.0,27.7,19.3,85.0,49.0,69.875,919.1958333333333,22.56458333333333,3.700682466189608
98,2018-04-09,1.7950825804030657,0.0,27.0,18.9,84.0,47.0,68.83333333333333,919.9125,22.12083333333333,3.590186680962166
99,2018-04-10,1.9103917044914571,0.0,27.0,19.1,82.0,44.0,66.125,920.4708333333333,22.2125,3.5064594004542444
100,2018-04-11,1.9041587788650571,0.0,26.6,18.2,82.0,45.0,65.0,920.7833333333333,21.69583333333333,3.5551018358435416
101,2018-04-12,2.1752910436134383,0.0,26.5,17.9,78.0,51.0,67.16666666666667,921.4583333333333,20.754166666666674,3.568208854824124
102,2018-04-13,1.751452101018269,0.0,26.7,18.0,84.0,50.0,69.70833333333333,921.8833333333333,21.60833333333333,3.590226333818236
103,2018-04-14,1.4366893568850925,0.0,29.3,16.5,90.0,40.0,66.16666666666667,922.3833333333333,22.543750000000006,4.177198237717645
104,2018-04-15,1.4522716709510912,0.0,27.4,19.3,81.0,50.0,66.54166666666667,922.6,22.50833333333333,3.4514303482404314
105,2018-04-16,2.3030660189546284,0.0,24.4,18.9,80.0,59.0,70.625,921.9708333333334,20.966666666666672,2.952416892707428
106,2018-04-17,2.0724477707778446,0.0,24.8,17.2,77.0,45.0,63.25,923.15,20.179166666666667,3.2186358769495067
107,2018-04-18,2.0132349773270493,0.0,24.9,14.7,84.0,45.0,64.20833333333333,924.7333333333332,19.347916666666666,3.585879855475173
108,2018-04-19,1.2154204971479092,0.0,24.6,14.9,86.0,49.0,69.70833333333333,923.9791666666665,19.335416666666667,3.5194638598481207
109,2018-04-20,1.0502479680483217,0.0,27.3,15.0,88.0,34.0,64.83333333333333,921.6041666666667,20.897916666666667,3.80156523371455
110,2018-04-21,1.8013155060294654,0.0,25.1,17.5,79.0,50.0,68.70833333333333,919.7375,20.485416666666666,3.1627440629862567
111,2018-04-22,2.0443996054590468,0.0,25.5,16.8,81.0,46.0,66.66666666666667,920.0875,20.110416666666666,3.290307413171794
112,2018-04-23,1.9789538863818523,0.0,24.8,16.0,81.0,49.0,66.20833333333333,921.3416666666667,19.872916666666672,3.276829562555808
113,2018-04-24,1.9446727954366547,0.0,25.9,17.3,83.0,51.0,70.0,922.1291666666666,20.639583333333334,3.2741311140059555
114,2018-04-25,1.7732673407106674,0.0,26.1,16.9,89.0,50.0,70.91666666666667,922.5041666666671,21.020833333333336,3.3604550077893567
115,2018-04-26,1.710938084446672,0.0,27.5,17.5,87.0,43.0,67.0,921.425,22.07083333333333,3.425356942840293
116,2018-04-27,1.8075484316558648,0.0,27.9,18.5,81.0,40.0,64.375,921.1583333333333,22.422916666666676,3.282170239495512
117,2018-04-28,1.4740869106434902,0.0,27.6,17.3,87.0,38.0,66.375,921.95,21.745833333333334,3.3792409551715763
118,2018-04-29,1.4834362990830892,0.0,26.7,16.3,86.0,41.0,65.33333333333333,921.5375000000003,21.135416666666668,3.349956415854614
119,2018-04-30,1.4179905800058945,0.0,27.2,17.0,74.0,36.0,58.08333333333334,921.5166666666664,21.152083333333334,3.2048518356801674
120,2018-05-01,0.6949712073435479,0.0,28.4,14.9,84.0,30.0,55.16666666666666,921.5833333333335,21.381249999999994,3.568575500149938
121,2018-05-02,1.2123040343347098,0.0,27.9,13.9,83.0,22.0,52.91666666666666,922.1791666666667,20.895833333333336,3.492513512864723
122,2018-05-03,1.3307296212363002,0.0,28.5,16.6,70.0,31.0,51.20833333333334,921.7708333333336,21.6625,3.2604205931440386
123,2018-05-04,1.4585045965774912,0.0,28.2,16.6,81.0,36.0,58.91666666666666,921.5,21.91875,3.32213930563992
124,2018-05-05,1.4647375222038908,0.0,28.4,17.9,82.0,37.0,63.125,922.0458333333332,22.312500000000004,3.206816609512364
125,2018-05-06,1.0221998027295236,0.0,27.8,15.6,91.0,42.0,70.75,922.375,21.077083333333334,3.431130939274294
126,2018-05-07,1.3338460840495003,0.0,25.9,15.7,87.0,43.0,66.125,922.4791666666664,20.587499999999995,3.1238911742529876
127,2018-05-08,0.9692199349051276,0.0,26.0,14.9,88.0,47.0,68.33333333333333,921.8916666666668,19.84375,3.224568855513745
128,2018-05-09,1.5332997040942855,0.0,25.5,14.8,89.0,47.0,67.79166666666667,922.3416666666667,19.775,3.151534919249455
129,2018-05-10,1.4117576543794947,0.0,25.0,12.9,90.0,45.0,69.41666666666667,922.0833333333335,18.629166666666674,3.240709509409044
130,2018-05-11,0.8975412902015331,0.0,27.7,14.5,85.0,36.0,63.375,921.3666666666664,20.283333333333328,3.3014750167254494
131,2018-05-12,0.7978144801791403,0.0,29.1,15.4,90.0,31.0,64.04166666666667,919.2124999999997,21.247916666666672,3.3679315471631304
132,2018-05-13,0.560963306375958,0.0,28.3,17.4,82.0,32.0,64.08333333333333,919.1,21.44375,3.0190975420020583
133,2018-05-14,2.094263010470243,0.0,26.7,19.0,79.0,45.0,66.41666666666667,920.6916666666667,21.950000000000006,2.6959232929231085
134,2018-05-15,1.7452191753918698,0.0,26.5,18.1,80.0,44.0,66.875,921.0666666666671,21.01875,2.748725299660947
135,2018-05-16,1.1811394062027116,0.0,28.0,17.3,85.0,42.0,66.875,919.7625000000003,21.654166666666665,3.018586317453103
136,2018-05-17,0.9629870092787282,0.0,26.6,16.8,90.0,54.0,72.08333333333333,919.4625,21.310416666666672,2.9698806932276702
137,2018-05-18,1.4117576543794943,0.0,27.0,18.8,82.0,47.0,70.29166666666667,919.6208333333333,21.66666666666667,2.713751765919111
138,2018-05-19,1.4803198362698895,0.0,28.6,17.4,90.0,46.0,76.58333333333333,917.5541666666667,20.610416666666666,3.0871623094197056
139,2018-05-20,1.5519984809734841,0.0,19.1,12.5,93.0,45.0,77.08333333333333,916.7541666666666,16.552083333333336,2.3905963370772074
140,2018-05-21,0.5,0.0,24.4,8.7,92.0,21.0,62.08333333333334,919.2291666666667,15.447916666666664,3.09432326551203
141,2018-05-22,0.5,0.0,26.2,9.8,88.0,34.0,61.25,920.9041666666666,17.518750000000004,3.2389974248558238
142,2018-05-23,0.6856218189039488,0.0,27.1,13.7,92.0,30.0,64.83333333333333,922.0541666666667,19.68125,3.0358996194536214
143,2018-05-24,1.689122844754274,0.0,24.6,14.8,86.0,52.0,70.04166666666667,924.3083333333334,19.014583333333334,2.7530014223788855
144,2018-05-25,1.8948093904254584,0.0,23.7,15.3,83.0,54.0,71.70833333333333,923.8541666666664,18.65625,2.5800352766847796
145,2018-05-26,1.3556613237418986,0.0,24.7,13.4,92.0,52.0,75.45833333333333,923.3375000000003,17.910416666666666,2.886353816120566
146,2018-05-27,1.5551149437866838,0.0,24.9,13.9,89.0,43.0,69.54166666666667,924.3166666666667,18.49375,2.7824201511946014
147,2018-05-28,1.6984722331938733,0.0,24.7,12.4,89.0,33.0,64.625,924.975,18.354166666666664,2.7984380688289177
148,2018-05-29,1.935323406997056,0.0,23.9,13.9,81.0,40.0,62.33333333333334,925.1416666666668,18.191666666666666,2.586144237834406
149,2018-05-30,1.0627138193011207,0.0,25.0,11.6,90.0,32.0,63.58333333333334,923.6416666666664,17.47083333333333,2.852153783313295
150,2018-05-31,1.4273399684454935,0.0,24.4,12.7,89.0,33.0,61.66666666666666,921.0833333333335,17.797916666666666,2.703678823301452
151,2018-06-01,0.9505211580259292,0.0,24.8,15.8,76.0,36.0,59.20833333333334,920.4541666666664,19.360416666666666,2.4384251210933416
152,2018-06-02,0.6513407279587512,0.0,27.2,13.1,91.0,31.0,61.54166666666666,921.4583333333335,20.043750000000006,2.921790032765073
153,2018-06-03,0.5017505129251626,0.0,28.8,13.6,88.0,32.0,58.58333333333334,922.5125,20.766666666666666,3.019726920005752
154,2018-06-04,1.7763838035238677,0.0,24.7,17.3,80.0,51.0,66.25,923.5833333333335,20.197916666666664,2.3626803319950187
155,2018-06-05,1.2497015880931066,0.0,25.6,15.6,81.0,44.0,67.66666666666667,920.8916666666664,19.308333333333334,2.567214771381993
156,2018-06-06,1.259050976532706,0.0,26.6,15.4,90.0,44.0,68.375,918.3125,20.410416666666666,2.7344211124836706
157,2018-06-07,0.5827785460683563,0.0,27.3,15.8,87.0,44.0,66.0,919.725,21.1375,2.7509639315390237
158,2018-06-08,0.5204492898043611,0.0,26.4,16.3,91.0,41.0,68.33333333333333,921.0166666666668,21.168750000000006,2.611917861358404
159,2018-06-09,1.1437418524443146,0.0,26.7,15.3,91.0,55.0,75.33333333333333,922.6333333333333,20.26875,2.8018733268774927
160,2018-06-10,1.816897820095464,0.0,26.3,17.2,84.0,49.0,72.20833333333333,922.7791666666667,20.333333333333336,2.5179546955452303
161,2018-06-11,1.1780229433895115,0.0,26.2,16.5,85.0,48.0,71.75,921.7875000000003,19.920833333333334,2.558171281873431
162,2018-06-12,0.7074370585963471,0.0,27.9,15.1,90.0,40.0,67.79166666666667,921.1458333333336,20.816666666666666,2.8183660165102262
163,2018-06-13,0.6638065792115505,0.0,29.0,15.7,90.0,33.0,64.91666666666667,921.3208333333333,21.643750000000004,2.8323342653757186
164,2018-06-14,0.9567540836523284,0.0,29.7,16.1,90.0,32.0,65.0,921.9291666666667,22.072916666666664,2.8650854242072503
165,2018-06-15,1.8137813572822648,0.0,26.0,18.3,80.0,44.0,65.16666666666667,923.7625,21.233333333333334,2.3169539085036885
166,2018-06-16,1.8355965969746637,0.0,25.9,16.5,75.0,39.0,61.0,924.675,20.11458333333333,2.391944873875979
167,2018-06-17,1.4927856875226886,0.0,25.2,14.2,89.0,43.0,68.16666666666667,925.9791666666664,19.09375,2.594400629686339
168,2018-06-18,1.1375089268179153,0.0,24.4,13.1,92.0,43.0,70.45833333333333,926.5,18.570833333333333,2.608295455422632
169,2018-06-19,1.657958216622276,0.0,22.0,14.0,89.0,58.0,73.875,926.6791666666664,17.608333333333334,2.3470838863420145
170,2018-06-20,1.6205606628638791,0.0,25.6,15.0,82.0,42.0,68.33333333333333,925.9958333333333,18.425,2.5225532583784904
171,2018-06-21,0.93805530677313,0.0,26.6,11.9,91.0,31.0,62.5,924.3833333333333,18.695833333333333,2.802260423072101
172,2018-06-22,0.7697663148603424,0.0,27.5,13.4,89.0,27.0,59.29166666666666,922.9750000000003,19.929166666666667,2.7474681795195
173,2018-06-23,1.5364161669074856,0.0,27.3,17.4,73.0,32.0,56.25,922.1166666666667,21.179166666666667,2.393347113588584
174,2018-06-24,1.2777497534119049,0.0,26.2,18.3,76.0,40.0,66.20833333333333,922.7374999999997,20.45625,2.2866160111395484
175,2018-06-25,1.1406253896311151,0.0,25.8,14.1,90.0,39.0,66.08333333333333,921.575,19.710416666666667,2.6390045138189375
176,2018-06-26,1.1842558690159115,0.0,26.9,18.3,79.0,33.0,62.125,921.0041666666667,21.172916666666666,2.339334262540375
177,2018-06-27,1.1873723318291112,0.0,26.9,17.2,77.0,27.0,56.75,921.7375,21.4,2.3714684726451503
178,2018-06-28,1.6641911422486757,0.0,24.7,15.4,80.0,34.0,58.54166666666666,922.9541666666664,19.570833333333333,2.360541147238453
179,2018-06-29,1.576930183479082,0.0,23.9,15.9,70.0,38.0,56.45833333333334,922.5541666666667,19.116666666666664,2.221580182632653
180,2018-06-30,1.1406253896311151,0.0,26.0,14.4,85.0,34.0,61.79166666666666,920.3333333333335,19.660416666666666,2.5910170131884405
181,2018-07-01,1.3805930262474968,0.0,27.0,15.7,83.0,31.0,61.875,919.825,20.410416666666666,2.569442252176962
182,2018-07-02,0.7479510751679442,0.0,27.6,14.0,89.0,28.0,61.125,920.0791666666664,20.122916666666672,2.765536063417343
183,2018-07-03,0.8320955711243379,0.0,28.1,13.5,90.0,25.0,59.375,920.1958333333336,20.445833333333333,2.83468781331012
184,2018-07-04,1.003501025850325,0.0,27.0,13.8,87.0,29.0,59.375,921.1708333333332,19.956250000000004,2.7295434418532047
185,2018-07-05,1.3618942493682984,0.0,25.8,16.1,74.0,34.0,56.33333333333334,922.7041666666668,19.941666666666666,2.416760517260965
186,2018-07-06,1.096994910246318,0.0,27.0,13.1,85.0,25.0,56.83333333333334,922.8083333333329,19.5875,2.744216154614911
187,2018-07-07,1.271516827785505,0.0,26.2,13.5,80.0,27.0,52.54166666666666,922.05,19.527083333333334,2.6359594765739436
188,2018-07-08,0.6700395048379499,0.0,27.4,12.6,85.0,31.0,57.04166666666666,921.2291666666664,19.61875,2.8818858288271576
189,2018-07-09,0.6669230420247502,0.0,28.6,13.9,87.0,24.0,54.45833333333334,921.0666666666666,20.722916666666674,2.884096227371129
190,2018-07-10,0.7541840007943434,0.0,27.9,14.2,80.0,28.0,52.04166666666666,920.5166666666668,20.683333333333326,2.786486730178528
191,2018-07-11,0.962987009278728,0.0,25.3,14.8,88.0,42.0,64.875,921.2999999999997,19.597916666666674,2.6554426839570744
192,2018-07-12,0.9224729927071309,0.0,26.1,12.7,86.0,35.0,64.95833333333333,923.2708333333336,18.595833333333328,2.8414069187170448
193,2018-07-13,1.446038745324692,0.0,25.7,15.3,83.0,39.0,66.54166666666667,923.1291666666666,19.279166666666665,2.6344966765690025
194,2018-07-14,0.9661034720919276,0.0,26.4,13.9,88.0,31.0,64.91666666666667,922.3708333333334,19.36875,2.8020537304197113
195,2018-07-15,1.2964485302911033,0.0,26.5,13.3,90.0,27.0,61.91666666666666,923.1666666666667,19.183333333333334,2.853762332840135
196,2018-07-16,0.9536376208391288,0.0,26.6,12.9,84.0,35.0,59.25,924.5125000000003,19.152083333333334,2.9217003282862364
197,2018-07-17,1.4678539850170902,0.0,26.4,13.1,89.0,36.0,65.25,924.7916666666664,19.185416666666672,2.9483040071230624
198,2018-07-18,1.9166246301178569,0.0,25.2,15.9,81.0,36.0,60.375,924.525,19.704166666666666,2.5717928302873547
199,2018-07-19,1.3026814559175026,0.0,26.4,14.6,81.0,36.0,60.70833333333334,923.0625,19.420833333333334,2.8151212977787416
200,2018-07-20,1.1343924640047152,0.0,26.7,13.3,84.0,28.0,55.70833333333334,922.3041666666664,19.847916666666674,2.919824919088918
201,2018-07-21,0.8913083645751334,0.0,28.2,14.0,83.0,28.0,55.91666666666666,921.9083333333334,20.775,3.0309265676090416
202,2018-07-22,1.975837423568652,0.0,25.4,16.4,79.0,37.0,59.33333333333334,922.9708333333334,19.939583333333328,2.60558849362804
203,2018-07-23,1.442922282511492,0.0,24.9,14.6,77.0,34.0,60.125,924.7416666666667,18.88125,2.691416458404947
204,2018-07-24,1.5270667784678855,0.0,25.8,12.6,85.0,35.0,60.29166666666666,924.95,18.914583333333333,3.017236073625331
205,2018-07-25,1.9914197376346512,0.0,25.0,14.5,71.0,29.0,53.875,925.6333333333333,18.79375,2.675310266301717
206,2018-07-26,1.6828899191278743,0.0,24.2,12.5,83.0,35.0,59.375,925.3625,18.352083333333333,2.8878929666227924
207,2018-07-27,1.5114844644018872,0.0,25.5,14.8,73.0,31.0,56.95833333333334,924.0666666666664,18.98958333333333,2.7659667096508045
208,2018-07-28,1.1437418524443146,0.0,26.8,12.9,83.0,28.0,54.95833333333334,922.7041666666664,19.410416666666674,3.116760059809422
209,2018-07-29,1.2933320674779034,0.0,27.2,14.9,75.0,24.0,55.33333333333334,921.3208333333333,19.929166666666667,2.9338045198802036
210,2018-07-30,0.7822321661131416,0.0,27.9,14.2,80.0,27.0,55.20833333333334,920.0041666666666,20.402083333333326,3.1473777429259333
211,2018-07-31,1.0627138193011203,0.0,29.7,15.1,81.0,28.0,52.91666666666666,919.2333333333332,21.51458333333333,3.316143311066284
212,2018-08-01,1.4865527618962888,0.0,26.3,15.4,84.0,45.0,64.41666666666667,919.3625,20.26875,3.0705126661746283
213,2018-08-02,1.7296368613258708,0.0,23.8,17.2,88.0,55.0,75.125,920.7875,19.26875,2.62465201339002
214,2018-08-03,1.9041587788650571,0.0,26.3,15.2,87.0,46.0,71.70833333333333,919.8541666666667,19.391666666666666,3.1598126557498483
215,2018-08-04,0.7635333892339429,0.0,22.1,16.2,92.0,68.0,85.625,919.2083333333335,18.12708333333333,2.5858445156028584
216,2018-08-05,0.5,0.0,26.1,14.9,93.0,48.0,76.54166666666667,918.9666666666667,19.55625,3.259410738663944
217,2018-08-06,1.1125772243123166,0.0,25.5,16.8,89.0,57.0,72.625,920.7208333333333,21.102083333333333,3.0181827118314954
218,2018-08-07,1.3868259518738966,0.0,25.9,16.2,93.0,55.0,78.125,922.1041666666665,20.022916666666664,3.179267730213613
219,2018-08-08,1.6797734563146745,0.0,28.4,17.1,87.0,33.0,65.79166666666667,922.975,21.80625,3.2785146873460596
220,2018-08-09,1.2403521996535072,0.0,25.4,17.9,80.0,51.0,68.375,921.2583333333333,20.90625,2.8585932262580567
221,2018-08-10,0.9224729927071309,0.0,27.7,16.6,87.0,42.0,67.54166666666667,918.8666666666667,21.362500000000004,3.348641466859672
222,2018-08-11,1.0751796705539196,0.0,27.6,13.2,74.0,12.0,41.5,919.4666666666667,20.7375,3.325308141799054
223,2018-08-12,0.7012041329699477,0.0,28.1,10.3,72.0,12.0,37.583333333333336,920.2875,19.233333333333334,3.6032368154564316
224,2018-08-13,0.9037742158279324,0.0,26.9,10.5,84.0,26.0,53.58333333333334,920.1208333333333,18.854166666666664,3.7490492790453294
225,2018-08-14,1.1281595383783158,0.0,28.2,11.8,84.0,19.0,51.5,920.0333333333333,19.89375,3.7556123755967614
226,2018-08-15,1.6174442000506797,0.0,29.9,16.7,70.0,14.0,49.25,920.2625000000003,21.76875,3.3757348955825233
227,2018-08-16,2.2719013908226304,0.0,24.2,17.2,69.0,48.0,60.66666666666666,923.4,19.94375,2.85247466227856
228,2018-08-17,1.6860063819410742,0.0,23.6,15.7,89.0,49.0,70.41666666666667,925.6749999999997,18.8125,3.07586617425843
229,2018-08-18,1.9509057210630545,0.0,23.6,15.0,87.0,47.0,71.58333333333333,924.9416666666666,17.997916666666672,3.1729053705762893
230,2018-08-19,1.673540530688275,0.0,25.8,15.2,80.0,34.0,63.375,924.4583333333335,19.229166666666668,3.376848023519152
231,2018-08-20,1.7701508778974675,0.0,26.9,15.4,78.0,26.0,53.66666666666666,924.9,20.327083333333334,3.458428731369192
232,2018-08-21,1.5177173900282868,0.0,26.0,13.6,73.0,28.0,50.54166666666666,924.7125,19.83541666666667,3.5355207551181014
233,2018-08-22,1.6080948116110798,0.0,26.4,15.3,64.0,26.0,47.79166666666666,923.6875,20.210416666666667,3.356721727339848
234,2018-08-23,1.7763838035238677,0.0,26.8,16.3,78.0,34.0,54.20833333333334,921.6625,20.927083333333336,3.4855886837806116
235,2018-08-24,1.9477892582498544,0.0,27.5,17.5,67.0,37.0,53.41666666666666,921.4041666666667,21.735416666666666,3.4162780474073244
236,2018-08-25,1.5083680015886876,0.0,27.5,16.8,75.0,32.0,56.45833333333334,921.6625,21.36875,3.547034466656809
237,2018-08-26,1.2995649931043027,0.0,28.9,17.6,79.0,33.0,58.54166666666666,922.5166666666668,22.53958333333333,3.72281379965764
238,2018-08-27,2.27190139082263,0.0,24.3,17.0,79.0,50.0,66.70833333333333,923.6625000000003,19.977083333333333,3.1956922285429212
239,2018-08-28,1.8823435391726595,0.0,22.3,13.5,87.0,51.0,68.29166666666667,925.5291666666667,18.402083333333326,3.437276048574364
240,2018-08-29,2.4495397711750178,0.0,25.0,16.4,80.0,42.0,64.75,925.3291666666664,19.522916666666664,3.416241209750541
241,2018-08-30,2.0568654567118463,0.0,26.7,16.0,83.0,35.0,64.04166666666667,923.1750000000003,19.747916666666672,3.741397099753645
242,2018-08-31,1.6454923653694769,0.0,27.7,16.0,75.0,28.0,54.54166666666666,920.8,20.74375,3.810579340566335
243,2018-09-01,1.4678539850170904,0.0,30.4,15.9,67.0,26.0,46.54166666666666,919.8833333333333,22.37708333333333,4.136711753007067
244,2018-09-02,1.7919661175898662,0.0,28.4,17.7,61.0,37.0,50.04166666666666,919.3875000000003,22.635416666666664,3.725999148186291
245,2018-09-03,1.446038745324692,0.0,31.3,18.2,69.0,25.0,47.54166666666666,917.15,23.631250000000005,4.086295077359269
246,2018-09-04,1.8137813572822648,0.0,26.5,16.2,90.0,25.0,50.66666666666666,914.9749999999997,21.897916666666664,3.8031136394629095
247,2018-09-05,1.4616210593906909,0.0,27.2,12.9,65.0,15.0,41.91666666666666,918.8125,19.75208333333333,4.039947068060115
248,2018-09-06,2.069331307964646,0.0,28.5,14.4,66.0,24.0,48.20833333333334,921.9833333333336,20.335416666666667,4.174132046116875
249,2018-09-07,1.975837423568652,0.0,29.4,15.7,76.0,19.0,51.54166666666666,922.5375,21.645833333333336,4.232560766760667
250,2018-09-08,1.692239307567473,0.0,27.2,14.0,76.0,18.0,49.33333333333334,921.7833333333333,20.377083333333328,4.141140360639954
251,2018-09-09,1.9758374235686529,0.0,28.8,15.1,67.0,17.0,45.375,921.2666666666668,20.810416666666672,4.173240164937922
252,2018-09-10,1.779500266337067,0.0,29.1,16.5,59.0,25.0,45.33333333333334,920.375,21.554166666666664,4.083605211244301
253,2018-09-11,1.6828899191278743,0.0,30.7,17.4,63.0,20.0,46.29166666666666,918.9041666666667,22.57708333333333,4.224661189030986
254,2018-09-12,2.5741982837030077,0.0,27.3,17.2,75.0,40.0,58.875,920.1124999999997,21.389583333333334,4.012749077748015
255,2018-09-13,2.7269049615497964,0.0,26.9,16.6,78.0,39.0,62.04166666666666,920.3249999999997,20.479166666666668,4.071272413587488
256,2018-09-14,2.01011851451385,0.0,29.1,15.9,79.0,33.0,59.79166666666666,918.0,20.731250000000006,4.531056112359486
257,2018-09-15,0.5671962320023576,0.0,21.9,16.2,92.0,56.0,84.66666666666667,917.3375,18.579166666666666,3.338808678634194
258,2018-09-16,0.5,0.0,26.6,16.6,93.0,51.0,80.125,917.1833333333334,20.393750000000004,4.25948541469317
259,2018-09-17,1.06894674492752,0.0,23.1,18.5,91.0,65.0,78.41666666666667,918.0458333333332,20.845833333333328,3.1609135038277127
260,2018-09-18,0.5,0.0,25.3,17.5,91.0,57.0,76.91666666666667,918.1416666666668,20.664583333333336,3.900231570757643
261,2018-09-19,0.7479510751679441,0.0,29.7,18.6,90.0,40.0,69.125,918.8583333333336,22.643750000000004,4.535725294168793
262,2018-09-20,0.7573004636075434,0.0,25.7,18.6,87.0,55.0,70.45833333333333,920.1,21.83958333333333,3.789753770388108
263,2018-09-21,1.2091875715215101,0.0,28.4,18.7,90.0,43.0,75.33333333333333,919.1958333333333,21.77916666666667,4.329253578768286
264,2018-09-22,0.9349388439599302,0.0,31.3,17.6,91.0,32.0,63.58333333333334,917.6375,23.72708333333333,5.0184918931250415
265,2018-09-23,1.8324801341614632,0.0,31.0,19.5,78.0,33.0,56.16666666666666,918.0375000000003,24.391666666666676,4.601651614999013
266,2018-09-24,1.7109380844466722,0.0,31.9,20.5,68.0,27.0,50.5,918.1875000000003,25.37083333333333,4.497999299315778
267,2018-09-25,2.231387374251033,0.0,30.8,20.9,57.0,31.0,44.08333333333334,917.9541666666664,25.09791666666667,4.19768040864452
268,2018-09-26,1.9727209607554523,0.0,29.1,18.8,70.0,35.0,49.70833333333334,918.2833333333334,23.61666666666667,4.378550720649354
269,2018-09-27,1.7857331919634665,0.0,31.3,18.6,70.0,33.0,49.5,917.3624999999997,24.53125,4.825148785196765
270,2018-09-28,1.5831631091054823,0.0,31.9,21.9,61.0,30.0,48.54166666666666,917.3541666666667,25.87083333333333,4.34036068900388
271,2018-09-29,2.3778611264714224,0.0,30.3,20.7,81.0,43.0,63.91666666666666,918.0499999999997,24.03125000000001,4.505578580228283
272,2018-09-30,2.1971062833058355,0.0,26.2,20.4,82.0,57.0,69.125,918.1,22.968750000000004,3.691909488069139
273,2018-10-01,1.7171710100730715,0.0,30.2,18.2,91.0,38.0,63.625,918.3624999999997,23.45208333333333,5.001501353156595
274,2018-10-02,1.3681271749946975,0.0,30.7,18.1,91.0,34.0,69.29166666666667,918.6583333333333,22.700000000000006,5.111730215461936
275,2018-10-03,1.1499747780707141,0.0,32.6,18.5,86.0,27.0,56.29166666666666,917.5916666666667,25.104166666666664,5.340539882257029
276,2018-10-04,1.3369625468627004,0.0,33.9,20.8,71.0,27.0,50.83333333333334,917.5499999999997,26.40416666666667,5.110735036066025
277,2018-10-05,2.0755642335910447,0.0,30.8,20.8,81.0,41.0,62.04166666666666,918.1958333333333,25.058333333333334,4.713689873780951
278,2018-10-06,2.3435800355262244,0.0,26.8,20.4,79.0,51.0,68.95833333333333,918.9749999999997,22.77708333333333,3.9139912271712265
279,2018-10-07,2.01011851451385,0.0,25.0,19.1,85.0,56.0,70.91666666666667,920.3833333333333,20.729166666666664,3.8143051230317884
280,2018-10-08,1.9976526632610505,0.0,30.3,18.8,79.0,36.0,61.25,919.2958333333332,23.43125,4.970705541129863
281,2018-10-09,1.7763838035238677,0.0,31.1,19.6,64.0,34.0,52.79166666666666,917.925,23.99166666666666,4.871788525407688
282,2018-10-10,1.4242235056322932,0.0,32.0,22.0,66.0,26.0,49.95833333333334,916.9625,25.735416666666676,4.609400091758549
283,2018-10-11,1.9976526632610512,0.0,32.3,23.3,56.0,32.0,48.29166666666666,917.8958333333335,26.47083333333334,4.419944236098161
284,2018-10-12,2.4557726968014166,0.0,28.5,22.0,69.0,47.0,59.45833333333334,919.6791666666667,24.54583333333333,4.006151174944484
285,2018-10-13,1.4429222825114925,0.0,33.8,20.0,70.0,28.0,50.375,918.3000000000003,25.929166666666664,5.423366478344151
286,2018-10-14,1.1001113730595178,0.0,34.8,20.2,88.0,27.0,54.58333333333334,916.3,26.95625,5.811386499365058
287,2018-10-15,1.3431954724890998,0.0,29.5,20.9,88.0,51.0,72.29166666666667,915.6041666666667,24.27083333333333,4.686979336037962
288,2018-10-16,1.7670344150842685,0.0,29.7,19.2,89.0,47.0,71.29166666666667,916.1875,23.629166666666666,5.083290859881898
289,2018-10-17,1.6828899191278746,0.0,29.0,21.7,77.0,48.0,67.91666666666667,917.9000000000003,24.222916666666666,4.3290680796578345
290,2018-10-18,1.2621674393459057,0.0,28.5,17.8,92.0,52.0,76.83333333333333,917.3166666666666,22.53333333333333,5.164237967852498
291,2018-10-19,0.9567540836523284,0.0,28.3,18.9,92.0,49.0,81.83333333333333,914.7208333333333,21.87708333333333,4.892686492086809
292,2018-10-20,2.0786806964042452,0.0,26.9,18.9,92.0,43.0,66.0,915.7624999999997,21.831250000000004,4.527708569593605
293,2018-10-21,2.243853225503832,0.0,24.7,15.9,75.0,48.0,62.375,917.8958333333333,19.83333333333333,4.5959814550477525
294,2018-10-22,1.7981990432162651,0.0,27.7,15.2,82.0,37.0,62.70833333333334,919.3541666666665,20.5375,5.359429994213769
295,2018-10-23,1.7078216216334725,0.0,30.0,16.9,80.0,30.0,58.95833333333334,918.8541666666665,22.43541666666666,5.4823121078807135
296,2018-10-24,1.47720337345669,0.0,30.8,20.0,89.0,30.0,56.75,918.3416666666667,23.8625,5.191570112521812
297,2018-10-25,1.1749064805763123,0.0,26.8,18.3,92.0,60.0,81.75,918.0874999999997,21.264583333333334,4.79430329213518
298,2018-10-26,0.8539108108167361,0.0,28.9,19.2,92.0,49.0,77.33333333333333,915.4875000000003,22.98958333333333,5.082979220320615
299,2018-10-27,1.1967217202687104,0.0,29.7,19.1,92.0,48.0,81.91666666666667,913.5249999999997,22.09583333333333,5.308677711317836
300,2018-10-28,1.0408985796087222,0.0,28.3,19.2,92.0,43.0,71.375,914.225,23.10208333333333,4.923211653983229
301,2018-10-29,2.1534758039210398,0.0,24.4,18.8,89.0,60.0,74.875,917.0541666666667,20.870833333333326,4.031957185811668
302,2018-10-30,1.9446727954366545,0.0,29.6,17.6,85.0,46.0,71.625,919.2958333333332,21.97708333333333,5.555344653401955
303,2018-10-31,1.5395326297206848,0.0,28.9,18.6,83.0,46.0,67.54166666666667,919.6041666666664,22.991666666666664,5.196099708866122
304,2018-11-01,1.6704240678750752,0.0,31.8,19.0,90.0,37.0,67.83333333333333,917.4874999999997,23.81875,5.794433489880447
305,2018-11-02,1.2808662162251043,0.0,30.5,17.5,90.0,40.0,66.45833333333333,916.4958333333329,23.422916666666666,5.81186846539487
306,2018-11-03,1.6828899191278741,0.0,30.9,21.3,79.0,33.0,59.20833333333334,916.0916666666667,25.052083333333336,5.034008301905907
307,2018-11-04,0.9941516374107257,0.0,28.9,20.0,85.0,50.0,68.25,915.2458333333334,23.137500000000006,4.9815950093477745
308,2018-11-05,1.9509057210630545,0.0,23.9,19.3,89.0,65.0,78.66666666666667,917.0666666666667,21.045833333333327,3.7950731428564177
309,2018-11-06,2.5243348786918123,0.0,25.1,18.2,84.0,49.0,70.58333333333333,918.3166666666667,21.002083333333328,4.409306713733776
310,2018-11-07,2.2469696883170323,0.0,27.3,19.2,80.0,48.0,64.0,918.4625,22.535416666666666,4.738991316538661
311,2018-11-08,1.919741092931056,0.0,23.4,16.5,91.0,62.0,82.41666666666667,919.3125,19.522916666666667,4.468492186666755
312,2018-11-09,1.9072752416782572,0.0,17.8,15.1,91.0,84.0,88.54166666666669,920.2375,16.693749999999998,3.0900362719199648
313,2018-11-10,1.804431968842665,0.0,23.3,17.0,89.0,65.0,80.54166666666667,917.45,19.277083333333334,4.326159572824159
314,2018-11-11,1.7795002663370671,0.0,26.8,16.7,87.0,51.0,72.625,916.6166666666667,21.047916666666666,5.2621535903844086
315,2018-11-12,1.6641911422486757,0.0,29.6,18.6,85.0,42.0,67.33333333333333,917.1916666666667,23.11666666666667,5.48230119501793
316,2018-11-13,1.9322069441838552,0.0,30.2,19.8,82.0,42.0,63.20833333333334,918.1374999999997,24.20208333333333,5.36820893347637
317,2018-11-14,1.6330265141166778,0.0,31.2,20.5,80.0,38.0,61.83333333333334,916.9208333333336,24.85,5.430253007625954
318,2018-11-15,1.1904887946423113,0.0,30.2,18.5,93.0,45.0,71.125,915.6583333333334,23.92708333333333,5.75735384416366
319,2018-11-16,1.1468583152575145,0.0,28.2,19.3,93.0,55.0,81.91666666666667,917.8708333333336,22.00833333333333,5.141254382275868
320,2018-11-17,2.0381666798326483,0.0,28.1,19.7,87.0,43.0,66.33333333333333,919.6166666666664,23.1125,4.925039268957978
321,2018-11-18,1.9228575557442564,0.0,29.2,20.0,79.0,46.0,64.79166666666667,919.2541666666666,23.37291666666667,5.120125606584816
322,2018-11-19,0.6357584138927523,0.0,25.5,19.2,91.0,65.0,77.95833333333333,917.9791666666667,22.097916666666666,4.443022942457201
323,2018-11-20,1.125043075565116,0.0,23.5,18.5,91.0,72.0,86.0,918.8208333333333,20.545833333333327,4.0333317363414185
324,2018-11-21,1.8355965969746637,0.0,20.5,16.7,92.0,80.0,89.16666666666669,920.3416666666667,18.185416666666672,3.5988775949021905
325,2018-11-22,2.0412831426458475,0.0,25.1,16.4,90.0,57.0,76.45833333333333,920.1916666666667,20.191666666666666,5.030091249689926
326,2018-11-23,1.9228575557442569,0.0,26.3,18.8,86.0,55.0,75.20833333333333,918.625,21.247916666666672,4.74665331594109
327,2018-11-24,1.3369625468627004,0.0,24.5,18.4,91.0,58.0,74.41666666666667,917.9291666666667,21.39583333333333,4.362677529359967
328,2018-11-25,1.1686735549499128,0.0,25.3,17.9,92.0,60.0,83.79166666666667,918.3458333333333,19.747916666666672,4.75330468826078
329,2018-11-26,1.3431954724890995,0.0,27.5,17.2,91.0,38.0,64.25,918.9416666666666,21.897916666666664,5.381521004634461
330,2018-11-27,2.3498129611526246,0.0,27.6,17.4,80.0,33.0,60.29166666666666,919.7249999999997,21.97291666666667,5.2630167373898535
331,2018-11-28,1.9509057210630545,0.0,28.1,18.1,81.0,34.0,57.5,919.1041666666665,22.70208333333333,5.25393949906586
332,2018-11-29,1.6299100513034783,0.0,29.4,18.3,74.0,31.0,54.16666666666666,917.6583333333333,23.41041666666667,5.447048266153784
333,2018-11-30,1.2715168277855051,0.0,30.6,18.7,80.0,35.0,56.29166666666666,914.5666666666666,24.743749999999995,5.73219270345502
334,2018-12-01,0.7791157032999418,0.0,25.3,19.0,92.0,56.0,83.625,913.5708333333333,21.15625,4.462187578754086
335,2018-12-02,0.7697663148603424,0.0,27.4,19.1,92.0,59.0,86.75,913.0791666666664,21.316666666666674,5.071694808689
336,2018-12-03,1.1717900177631129,0.0,23.6,18.4,92.0,73.0,86.125,912.9208333333336,20.60625,4.15477367372187
337,2018-12-04,1.6953557703806732,0.0,28.1,18.2,87.0,48.0,72.25,912.8458333333333,22.3,5.389241540060169
338,2018-12-05,1.234119274027108,0.0,30.5,19.0,85.0,37.0,65.83333333333333,914.0166666666664,24.02708333333333,5.728091946588485
339,2018-12-06,1.3089143815439022,0.0,31.9,17.9,90.0,37.0,67.04166666666667,916.3041666666664,24.76875,6.322233592673139
340,2018-12-07,0.8071638686187398,0.0,28.5,17.0,93.0,61.0,81.16666666666667,917.4416666666666,22.54375,5.884567847389341
341,2018-12-08,2.0443996054590468,0.0,26.7,18.3,92.0,45.0,68.875,917.6125,22.18541666666667,5.021651388249079
342,2018-12-09,2.6832744821650003,0.0,23.2,15.8,80.0,52.0,68.25,922.325,19.170833333333334,4.670452178038216
343,2018-12-10,1.816897820095464,0.0,27.4,15.9,83.0,42.0,66.66666666666667,924.6541666666667,20.741666666666667,5.6570224110157765
344,2018-12-11,1.6984722331938729,0.0,28.4,17.8,83.0,43.0,66.29166666666667,923.7083333333333,22.34583333333334,5.513742624593508
345,2018-12-12,1.8044319688426649,0.0,30.3,19.5,81.0,37.0,61.20833333333334,921.7583333333336,24.325,5.5656492906914465
346,2018-12-13,0.8726095876959349,0.0,31.2,18.8,86.0,32.0,62.79166666666666,920.2625,23.964583333333334,5.925842136572906
347,2018-12-14,1.0502479680483214,0.0,31.5,19.9,80.0,25.0,54.83333333333334,920.0458333333332,25.079166666666666,5.666062983659652
348,2018-12-15,1.6080948116110798,0.0,32.0,21.4,66.0,29.0,49.0,921.475,26.39791666666667,5.392651399864741
349,2018-12-16,1.832480134161464,0.0,30.8,21.4,73.0,33.0,54.625,921.6166666666667,25.85208333333333,5.195192241707746
350,2018-12-17,1.9322069441838552,0.0,30.5,20.6,68.0,33.0,51.33333333333334,920.7458333333334,25.135416666666664,5.25663915495391
351,2018-12-18,1.271516827785505,0.0,32.6,20.4,69.0,35.0,52.875,919.9500000000003,26.083333333333336,5.821082498718959
352,2018-12-19,1.1624406293235134,0.0,33.1,21.5,82.0,34.0,56.83333333333334,918.3333333333336,27.168750000000006,5.8375888081050515
353,2018-12-20,1.5987454231714804,0.0,33.5,20.4,88.0,30.0,57.625,917.125,26.45833333333333,6.175157100344745
354,2018-12-21,1.1281595383783158,0.0,32.0,21.0,87.0,40.0,61.5,916.4291666666667,26.072916666666664,5.7604108920861545
355,2018-12-22,1.3026814559175026,0.0,33.1,19.0,91.0,36.0,69.04166666666667,916.3875,23.7375,6.43636951272019
356,2018-12-23,0.8289791083111381,0.0,32.6,17.9,92.0,34.0,69.41666666666667,916.3458333333333,23.93541666666667,6.512403280274687
357,2018-12-24,1.015966877103124,0.0,31.4,18.5,91.0,41.0,68.375,916.1541666666666,24.51458333333333,6.16680921489194
358,2018-12-25,1.2777497534119049,0.0,30.8,18.5,92.0,40.0,76.625,916.75,22.6,6.019614407684938
359,2018-12-26,0.8757260505091348,0.0,27.9,18.6,92.0,53.0,81.33333333333333,916.5916666666664,22.15833333333333,5.340966344802177
360,2018-12-27,0.8227461826847384,0.0,24.8,18.8,92.0,68.0,86.20833333333331,915.95,20.652083333333334,4.443810461035826
361,2018-12-28,0.8881919017619336,0.0,25.4,18.5,92.0,67.0,84.5,916.1,20.697916666666668,4.715538574848521
362,2018-12-29,0.5422645294967595,0.0,27.5,17.7,92.0,61.0,87.33333333333331,915.4458333333336,20.866666666666667,5.487328192416304
363,2018-12-30,0.9505211580259292,0.0,27.3,18.5,93.0,61.0,83.33333333333333,915.9625,21.81875,5.246459300853907
364,2018-12-31,0.9131236042675316,0.0,25.9,19.2,92.0,65.0,85.08333333333333,916.4208333333336,21.347916666666666,4.662250342458027
365,2019-01-01,0.7386016867283449,0.0,27.9,19.2,92.0,55.0,82.375,919.5791666666664,21.829166666666666,5.20270766652574
366,2019-01-02,0.8227461826847386,0.0,31.1,18.9,90.0,42.0,71.08333333333333,920.1708333333332,24.114583333333336,6.004872603561439
367,2019-01-03,0.7759992404867417,0.0,30.7,20.4,88.0,47.0,71.16666666666667,918.8499999999997,24.268750000000004,5.604548636890882
368,2019-01-04,1.015966877103124,0.0,25.4,19.0,91.0,59.0,76.875,919.175,22.450000000000006,4.531126406377877
369,2019-01-05,0.7479510751679442,0.0,30.1,18.6,91.0,41.0,68.875,918.5583333333333,23.58541666666667,5.811737278387815
370,2019-01-06,0.9598705464655284,0.0,31.8,18.8,90.0,31.0,61.58333333333334,918.6166666666667,24.95208333333333,6.089731188488634
371,2019-01-07,1.5675807950394829,0.0,31.2,20.9,79.0,33.0,59.54166666666666,919.2458333333333,25.73125,5.439414868903781
372,2019-01-08,1.823130745721864,0.0,29.6,19.7,87.0,49.0,65.875,919.9625000000003,24.862500000000004,5.4659003786898746
373,2019-01-09,1.826247208535064,0.0,29.4,19.0,78.0,34.0,59.125,919.4083333333333,23.87500000000001,5.39497134899661
374,2019-01-10,1.9914197376346512,0.0,29.2,19.7,75.0,38.0,56.58333333333334,919.3083333333334,23.91041666666667,5.199909870213114
375,2019-01-11,1.5893960347318812,0.0,30.2,20.3,73.0,41.0,58.33333333333334,920.0,24.360416666666666,5.322328134516103
376,2019-01-12,1.3899424146870965,0.0,30.1,20.4,76.0,40.0,59.66666666666666,919.1541666666667,24.85833333333333,5.286446531904308
377,2019-01-13,1.6953557703806732,0.0,30.6,20.2,81.0,35.0,59.0,919.5750000000003,25.08333333333333,5.450913504988654
378,2019-01-14,1.8823435391726595,0.0,30.7,20.1,76.0,33.0,55.0,919.6958333333333,25.15833333333334,5.43629888106915
379,2019-01-15,1.499018613149088,0.0,32.6,21.1,76.0,34.0,55.95833333333334,919.7124999999997,26.06458333333333,5.693418056761485
380,2019-01-16,1.3369625468627004,0.0,33.4,22.4,72.0,33.0,56.25,919.9416666666671,26.85,5.571982699115574
381,2019-01-17,1.2964485302911033,0.0,32.2,21.1,76.0,36.0,58.08333333333334,919.7833333333333,25.95208333333333,5.604483842857835
382,2019-01-18,1.5332997040942855,0.0,32.5,20.4,81.0,33.0,58.41666666666666,918.7166666666667,26.02708333333333,5.829668761973973
383,2019-01-19,1.6267935884902789,0.0,32.7,21.8,71.0,29.0,53.29166666666666,917.925,26.660416666666666,5.462191929260826
384,2019-01-20,1.3057979187307025,0.0,33.3,20.3,90.0,32.0,57.25,918.4375,25.65833333333333,6.10482273255509
385,2019-01-21,1.5114844644018872,0.0,30.6,21.2,91.0,45.0,61.75,919.5666666666667,25.54375,5.333786328350808
386,2019-01-22,1.196721720268711,0.0,32.5,20.8,80.0,37.0,57.79166666666666,919.7708333333333,25.9,5.752784202595382
387,2019-01-23,1.6735405306882751,0.0,31.4,21.2,76.0,30.0,55.5,919.5291666666667,26.16458333333333,5.30262204196678
388,2019-01-24,2.016351440140249,0.0,31.5,21.2,63.0,33.0,51.29166666666666,919.0374999999997,25.785416666666666,5.233907029149968
389,2019-01-25,2.1191947129758417,0.0,29.8,21.4,72.0,39.0,58.04166666666666,918.6208333333334,25.089583333333334,4.882602258705605
390,2019-01-26,1.9477892582498544,0.0,29.1,19.5,79.0,43.0,64.54166666666667,919.5375,23.13541666666667,5.198135350237372
391,2019-01-27,1.7015886960070727,0.0,29.8,18.1,88.0,33.0,63.54166666666666,920.775,23.35833333333333,5.641194469873729
392,2019-01-28,2.106728861723042,0.0,30.6,21.4,73.0,36.0,55.16666666666666,921.7708333333335,25.518750000000004,5.051076398631236
393,2019-01-29,1.8387130597878625,0.0,33.0,21.6,71.0,22.0,49.875,921.3041666666664,26.55833333333333,5.429374255754362
394,2019-01-30,1.4616210593906909,0.0,32.8,21.6,70.0,30.0,49.91666666666666,919.8166666666667,26.37708333333334,5.444164613103831
395,2019-01-31,1.2465851252799072,0.0,33.8,20.6,66.0,24.0,44.25,918.6333333333333,26.96875,5.7326266076716665
396,2019-02-01,1.6610746794354758,0.0,32.3,22.6,60.0,25.0,47.08333333333334,918.65,26.81041666666667,4.972048194220713
397,2019-02-02,1.583163109105482,0.0,33.1,22.0,61.0,27.0,46.125,918.6666666666667,27.08333333333333,5.286849910062798
398,2019-02-03,1.0097339514767243,0.0,34.1,22.1,66.0,29.0,46.70833333333334,916.7125,27.572916666666664,5.5533650710638796
399,2019-02-04,1.4398058196982926,0.0,30.7,19.5,87.0,39.0,62.29166666666666,916.7166666666667,24.95625,5.539787415676896
400,2019-02-05,1.5582314065998837,0.0,32.3,19.3,90.0,38.0,65.0,917.0083333333333,24.583333333333336,5.965513153562583
401,2019-02-06,1.4429222825114925,0.0,26.5,19.5,92.0,58.0,81.375,917.75,21.358333333333334,4.560263163159075
402,2019-02-07,0.7292522982887455,0.0,24.1,19.0,92.0,72.0,87.25,916.3916666666664,20.395833333333336,3.999743913105106
403,2019-02-08,0.9255894555203308,0.0,31.1,18.6,91.0,38.0,75.0,915.8208333333333,23.06458333333333,5.786966866944418
404,2019-02-09,1.4647375222038903,0.0,30.9,19.1,90.0,37.0,68.54166666666667,916.8833333333333,23.770833333333336,5.6152238795544696
405,2019-02-10,1.6797734563146745,0.0,31.3,21.0,82.0,38.0,64.04166666666667,917.2291666666665,25.285416666666666,5.263724639940483
406,2019-02-11,1.2995649931043027,0.0,31.1,20.8,87.0,40.0,66.04166666666667,918.9291666666667,24.96666666666667,5.297145358828963
407,2019-02-12,1.305797918730702,0.0,30.8,21.8,70.0,41.0,57.70833333333334,918.3375,25.59375,4.879971422156026
408,2019-02-13,0.9848022489711264,0.0,30.8,19.7,89.0,46.0,70.95833333333333,917.0958333333334,24.38125,5.482026438997254
409,2019-02-14,1.866761225106661,0.0,28.4,19.0,89.0,52.0,72.70833333333333,918.3791666666666,22.387500000000006,5.0592272332897705
410,2019-02-15,1.093878447433118,0.0,25.8,19.7,91.0,70.0,80.83333333333333,917.2374999999997,21.65625,4.250348400071967
411,2019-02-16,0.6108267113871544,0.0,25.7,19.9,91.0,68.0,86.95833333333331,915.1166666666667,21.675,4.14461295555083
412,2019-02-17,0.7791157032999418,0.0,27.3,19.2,93.0,62.0,87.08333333333331,916.604166666667,21.33125,4.761788817210367
413,2019-02-18,0.7915815545527409,0.0,26.4,19.1,93.0,63.0,85.91666666666669,918.1708333333332,21.55208333333333,4.529600708955648
414,2019-02-19,0.8196297198715389,0.0,29.0,19.6,93.0,55.0,81.125,918.2999999999997,22.825,5.053312117207744
415,2019-02-20,0.6419913395191521,0.0,31.6,20.6,91.0,41.0,74.54166666666667,916.9541666666664,24.447916666666664,5.367283061739435
416,2019-02-21,0.6949712073435481,0.0,26.8,18.9,91.0,53.0,80.08333333333333,919.1083333333336,21.92916666666667,4.589744249444608
417,2019-02-22,1.2777497534119042,0.0,32.5,18.9,91.0,35.0,67.25,919.9208333333336,24.88333333333333,5.801075379976643
418,2019-02-23,1.0876455218067187,0.0,32.6,20.0,85.0,30.0,57.58333333333334,918.7749999999997,26.43958333333333,5.508373728863097
419,2019-02-24,0.8850754389487339,0.0,33.0,20.4,86.0,29.0,57.83333333333334,916.5666666666667,26.95208333333333,5.506963903392548
420,2019-02-25,0.8165132570583391,0.0,33.6,21.4,83.0,30.0,57.45833333333334,915.8125,26.96458333333333,5.424558719267235
421,2019-02-26,1.0595973564879209,0.0,33.3,19.7,90.0,34.0,63.91666666666666,916.2958333333336,25.43541666666667,5.741668342193597
422,2019-02-27,1.028432728355923,0.0,31.2,19.2,91.0,41.0,70.91666666666667,917.8083333333334,24.02916666666667,5.410964037564164
423,2019-02-28,0.9255894555203308,0.0,27.3,19.8,92.0,57.0,76.95833333333333,918.1875,23.06041666666667,4.428358238225107
424,2019-03-01,0.7759992404867421,0.0,29.8,18.1,92.0,46.0,76.16666666666667,919.1541666666666,22.67916666666666,5.301000190953294
425,2019-03-02,0.6232925626399536,0.0,23.8,19.5,92.0,71.0,86.29166666666669,920.0458333333332,21.1,3.4997177350923554
426,2019-03-03,1.5083680015886867,0.0,29.0,19.9,88.0,47.0,69.20833333333333,919.0041666666664,23.520833333333336,4.707737047078256
427,2019-03-04,1.823130745721864,0.0,29.5,20.2,79.0,42.0,63.5,919.6375,24.016666666666666,4.655294650020845
428,2019-03-05,1.4834362990830892,0.0,30.7,20.2,80.0,39.0,63.41666666666666,920.7999999999997,24.3375,4.890093074915199
429,2019-03-06,1.7047051588202728,0.0,29.8,20.7,80.0,44.0,69.79166666666667,920.9541666666664,23.86875,4.6066008501429305
430,2019-03-07,1.7826167291502668,0.0,30.8,20.6,81.0,42.0,65.20833333333333,921.1875,24.8375,4.826671878107325
431,2019-03-08,1.386825951873896,0.0,31.9,20.7,82.0,37.0,61.45833333333334,920.0125000000003,25.46041666666667,4.9973816067768375
432,2019-03-09,1.07206320774072,0.0,32.1,21.6,82.0,36.0,61.66666666666666,918.5166666666668,26.183333333333334,4.849360052636781
433,2019-03-10,1.1998381830819105,0.0,32.2,21.8,90.0,41.0,65.58333333333333,917.4500000000003,26.06458333333334,4.9173609994017005
434,2019-03-11,1.2247698855875089,0.0,29.0,18.6,92.0,45.0,72.41666666666667,918.0791666666664,23.458333333333336,4.806764066665896
435,2019-03-12,1.2247698855875089,0.0,29.8,18.5,90.0,46.0,69.33333333333333,918.5833333333333,23.46875,4.968824505524911
436,2019-03-13,0.9598705464655284,0.0,31.0,20.6,78.0,43.0,66.83333333333333,918.4,24.525,4.721265644891214
437,2019-03-14,0.8881919017619336,0.0,32.4,20.0,89.0,38.0,68.29166666666667,917.9583333333335,24.6625,5.147667450196099
438,2019-03-15,0.9754528605315272,0.0,31.9,18.8,90.0,37.0,66.16666666666667,917.3083333333333,24.7375,5.21008361146719
439,2019-03-16,1.3026814559175024,0.0,31.0,19.5,91.0,48.0,74.04166666666667,917.1416666666664,24.20833333333333,4.9789727348205375
440,2019-03-17,0.9536376208391284,0.0,25.8,21.0,90.0,68.0,82.625,917.7000000000003,23.19375,3.4510116918166007
441,2019-03-18,0.7635333892339429,0.0,31.9,20.0,92.0,47.0,76.66666666666667,916.6958333333333,24.27708333333333,5.037634976051459
442,2019-03-19,0.7261358354755456,0.0,31.7,20.4,92.0,43.0,76.29166666666667,914.8499999999997,24.68541666666666,4.868187738592305
443,2019-03-20,0.8944248273883333,0.0,30.7,20.4,92.0,49.0,76.08333333333333,914.0833333333336,24.472916666666666,4.668407311107327
444,2019-03-21,1.3338460840495003,0.0,27.8,19.7,92.0,59.0,80.66666666666667,914.4624999999997,22.99375,4.176077311730443
445,2019-03-22,1.5083680015886882,0.0,22.1,18.3,92.0,75.0,87.0,917.4833333333336,19.86875,3.0427082593496637
446,2019-03-23,1.4460387453246917,0.0,27.8,16.7,89.0,52.0,70.91666666666667,919.2125,21.1875,4.609618734044484
447,2019-03-24,1.2777497534119044,0.0,28.0,19.4,87.0,49.0,72.83333333333333,918.9666666666666,22.679166666666664,4.128836323272569
448,2019-03-25,1.146858315257514,0.0,30.1,18.3,89.0,39.0,68.29166666666667,918.0833333333335,23.3375,4.661061681070044
449,2019-03-26,0.9162400670807316,0.0,30.2,17.7,91.0,36.0,65.83333333333333,918.225,23.825,4.733272026464337
450,2019-03-27,1.0502479680483217,0.0,29.6,17.7,86.0,42.0,65.58333333333333,920.5541666666667,23.168750000000006,4.599293736745742
451,2019-03-28,1.455388133764291,0.0,28.9,16.0,89.0,39.0,61.70833333333334,922.0208333333336,22.71875,4.687368768865963
452,2019-03-29,1.446038745324692,0.0,28.2,16.1,89.0,44.0,65.83333333333333,921.7833333333334,22.2875,4.55421344824646
453,2019-03-30,1.5426490925338847,0.0,29.1,17.6,82.0,41.0,65.0,920.979166666667,22.354166666666664,4.397224552806285
454,2019-03-31,0.9318223811467304,0.0,28.7,16.6,87.0,37.0,63.95833333333334,919.2375,22.71041666666667,4.446983579335677
455,2019-04-01,1.162440629323513,0.0,28.8,18.2,90.0,42.0,70.25,918.3166666666667,22.3375,4.259789033835126
456,2019-04-02,0.8944248273883332,0.0,28.9,18.1,91.0,42.0,73.5,918.1291666666667,22.5125,4.272583742951178
457,2019-04-03,0.9567540836523284,0.0,30.1,19.1,89.0,46.0,74.125,916.9708333333334,22.95,4.335450721795406
458,2019-04-04,0.7012041329699477,0.0,31.6,18.8,91.0,39.0,72.41666666666667,915.775,23.572916666666664,4.590474082908308
459,2019-04-05,0.8601437364431358,0.0,30.8,21.0,87.0,49.0,72.375,917.0458333333336,24.82708333333333,4.1286249024781085
460,2019-04-06,0.8944248273883333,0.0,29.0,20.6,90.0,54.0,78.375,918.8500000000003,23.583333333333336,3.8496987876649205
461,2019-04-07,0.8414449595639372,0.0,30.3,19.7,91.0,44.0,72.125,919.6958333333336,23.97708333333333,4.169248335914058
462,2019-04-08,1.0408985796087222,0.0,30.1,18.9,89.0,44.0,69.20833333333333,918.4625,23.81875,4.204794021705923
463,2019-04-09,0.7386016867283449,0.0,28.2,18.1,92.0,54.0,78.79166666666667,917.6750000000003,21.96041666666667,4.0283042288584605
464,2019-04-10,1.5800466462922818,0.0,28.8,18.5,82.0,50.0,67.75,917.4333333333334,23.14791666666667,3.9620136073334096
465,2019-04-11,0.9380553067731298,0.0,29.7,17.1,91.0,42.0,69.0,918.5333333333334,22.98958333333333,4.285985599609334
466,2019-04-12,1.1156936871255168,0.0,29.7,19.3,85.0,41.0,66.41666666666667,918.5083333333333,23.68541666666667,3.910396999165506
467,2019-04-13,1.7078216216334718,0.0,29.7,20.8,78.0,44.0,65.5,918.6166666666667,24.32916666666667,3.6395811180201387
468,2019-04-14,1.4273399684454933,0.0,28.6,21.0,79.0,50.0,69.04166666666667,918.9875000000003,23.84166666666667,3.419651326348013
469,2019-04-15,1.271516827785505,0.0,27.3,20.7,90.0,62.0,79.75,919.6041666666667,22.58958333333333,3.2955804828558795
470,2019-04-16,0.9848022489711264,0.0,27.6,19.3,92.0,57.0,83.83333333333333,919.4416666666667,21.879166666666666,3.5590357927305933
471,2019-04-17,0.9131236042675318,0.0,26.3,18.5,93.0,69.0,86.54166666666669,917.2166666666667,21.53541666666667,3.4734886066334276
472,2019-04-18,1.1437418524443146,0.0,28.7,19.8,92.0,42.0,72.58333333333333,916.5458333333332,23.1625,3.5520940099206615
473,2019-04-19,0.8601437364431355,0.0,29.1,15.5,92.0,34.0,64.0,917.4375,22.40833333333333,4.071581135133649
474,2019-04-20,0.7728827776735423,0.0,30.0,16.0,92.0,30.0,64.04166666666667,917.9791666666664,22.62708333333333,4.085111733424544
475,2019-04-21,0.7448346123547445,0.0,30.6,16.9,89.0,36.0,63.45833333333334,917.4000000000003,23.24166666666667,4.072259023687778
476,2019-04-22,1.0751796705539196,0.0,29.2,19.9,88.0,46.0,72.5,917.7208333333333,23.275,3.521890373951873
477,2019-04-23,1.3182637699835016,0.0,29.5,19.6,84.0,48.0,68.58333333333333,919.7999999999997,23.383333333333336,3.573528406893031
478,2019-04-24,1.4709704478302899,0.0,28.5,19.3,87.0,47.0,69.33333333333333,921.575,23.19791666666667,3.432708599963788
479,2019-04-25,1.5114844644018872,0.0,27.8,19.1,84.0,51.0,69.08333333333333,921.9541666666668,22.683333333333334,3.3233749043293934
480,2019-04-26,1.4273399684454933,0.0,29.0,17.6,91.0,42.0,70.54166666666667,921.3624999999997,22.65833333333333,3.663446048166998
481,2019-04-27,1.3276131584231003,0.0,29.6,19.5,80.0,41.0,65.5,920.033333333333,23.29583333333333,3.4196421548427414
482,2019-04-28,1.1063442986859169,0.0,30.0,18.1,89.0,43.0,65.375,917.65,23.729166666666664,3.6963228742910594
483,2019-04-29,1.003501025850325,0.0,28.4,19.3,87.0,48.0,66.5,916.3250000000003,23.614583333333336,3.2970762385685
484,2019-04-30,0.9629870092787282,0.0,28.4,17.4,90.0,47.0,69.20833333333333,918.775,22.847916666666666,3.5131743520476744
485,2019-05-01,1.368127174994698,0.0,29.2,19.6,84.0,45.0,69.125,919.1375000000003,23.383333333333336,3.2993810394218075
486,2019-05-02,1.1312760011915155,0.0,28.7,19.5,91.0,54.0,74.75,918.1291666666664,23.03333333333333,3.30757359597862
487,2019-05-03,0.7292522982887457,0.0,28.5,19.2,92.0,51.0,79.75,919.4291666666667,22.468750000000004,3.277250651183201
488,2019-05-04,1.2684003649723057,0.0,28.7,19.8,90.0,52.0,75.375,920.6208333333336,23.15625,3.204766275814796
489,2019-05-05,1.5800466462922822,0.0,28.1,18.6,90.0,38.0,69.125,921.15,22.625,3.148789306985846
490,2019-05-06,1.1125772243123169,0.0,28.8,18.9,79.0,45.0,65.625,920.7416666666667,22.70208333333333,3.1662002640324634
491,2019-05-07,0.6513407279587512,0.0,30.1,17.7,91.0,38.0,67.875,918.7916666666665,23.35,3.4839952058650074
492,2019-05-08,0.9692199349051276,0.0,28.2,18.8,91.0,51.0,74.33333333333333,919.7291666666665,22.4,3.1574049028059985
493,2019-05-09,1.7140545472598718,0.0,24.8,17.7,84.0,62.0,76.54166666666667,920.0208333333335,20.306249999999995,2.7718537191194783
494,2019-05-10,1.3992918031266957,0.0,26.7,17.1,85.0,49.0,73.08333333333333,918.9541666666664,20.816666666666666,3.0394216919195656
495,2019-05-11,1.2715168277855051,0.0,26.0,17.7,86.0,52.0,72.58333333333333,918.6625,21.216666666666672,2.875251937829028
496,2019-05-12,0.7043205957831474,0.0,29.3,16.3,90.0,44.0,69.33333333333333,919.9666666666667,21.93125,3.4198742375922517
497,2019-05-13,0.9162400670807312,0.0,29.6,17.8,90.0,44.0,67.91666666666667,920.4249999999997,23.21250000000001,3.296837607045904
498,2019-05-14,0.6793888932775493,0.0,29.4,18.0,91.0,47.0,69.45833333333333,919.2875,23.3125,3.256610430512117
499,2019-05-15,1.0408985796087222,0.0,28.1,18.3,92.0,51.0,78.20833333333333,918.1666666666664,21.9,3.0552749449732275
500,2019-05-16,1.053364430861521,0.0,23.5,16.9,93.0,65.0,82.125,920.2625000000003,19.591666666666672,2.597882879380311
501,2019-05-17,0.9785693233447272,0.0,20.9,16.7,89.0,68.0,80.45833333333333,920.5208333333336,18.75625,2.1897043273246735
502,2019-05-18,1.3494283981154995,0.0,26.8,17.2,90.0,51.0,77.29166666666667,920.0541666666667,20.158333333333328,2.9200669769918814
503,2019-05-19,1.1312760011915155,0.0,26.4,15.5,92.0,50.0,75.29166666666667,919.9208333333332,20.308333333333334,3.019410457376846
504,2019-05-20,0.6544571907719511,0.0,27.6,15.6,92.0,32.0,67.625,919.5083333333336,20.733333333333334,3.016921754261735
505,2019-05-21,0.7323687611019453,0.0,28.4,13.7,91.0,30.0,63.0,919.6708333333332,20.80208333333333,3.2087657828756315
506,2019-05-22,0.5952443973211555,0.0,28.9,14.1,89.0,34.0,60.95833333333334,919.2916666666667,21.391666666666666,3.2305697578367933
507,2019-05-23,0.6388748767059524,0.0,28.8,15.4,88.0,36.0,64.08333333333333,918.779166666667,21.44375,3.1107558701041738
508,2019-05-24,0.8258626454979383,0.0,28.8,15.7,90.0,40.0,65.79166666666667,917.7208333333336,21.87291666666667,3.1160981910752437
509,2019-05-25,1.1188101499387166,0.0,27.3,16.3,91.0,47.0,68.54166666666667,917.6999999999997,21.441666666666666,2.9262934939763108
510,2019-05-26,0.6357584138927526,0.0,28.0,13.9,86.0,38.0,61.79166666666666,919.4291666666667,20.881250000000005,3.0766865224490547
511,2019-05-27,0.7946980173659406,0.0,28.5,16.8,83.0,40.0,66.5,920.2541666666667,21.70208333333333,2.89010215296199
512,2019-05-28,0.8507943480035364,0.0,28.7,16.5,90.0,38.0,66.5,919.9125,22.081250000000004,2.9579572673061585
513,2019-05-29,0.6357584138927526,0.0,29.0,16.3,91.0,38.0,68.95833333333333,920.3333333333336,21.987500000000004,3.000051964823089
514,2019-05-30,1.1842558690159115,0.0,28.1,17.0,88.0,44.0,66.625,919.9291666666667,22.07083333333333,2.8471748858467256
515,2019-05-31,1.0221998027295238,0.0,28.9,15.6,89.0,39.0,64.33333333333333,918.725,21.91041666666667,3.0030835345993983
516,2019-06-01,0.7728827776735422,0.0,29.7,16.4,87.0,30.0,60.33333333333334,918.2,22.48958333333333,2.928528328250541
517,2019-06-02,0.5827785460683564,0.0,29.9,15.2,91.0,25.0,58.75,919.0625,22.48333333333333,3.0074205392832285
518,2019-06-03,1.1749064805763123,0.0,28.5,16.2,88.0,43.0,65.625,920.5875,21.76458333333333,2.896737274749908
519,2019-06-04,0.8663766620695353,0.0,25.5,14.2,93.0,30.0,73.125,922.3,18.83333333333333,2.6600867616088224
520,2019-06-05,2.27190139082263,0.0,23.2,12.5,75.0,34.0,56.75,924.2208333333333,17.125,2.470466804393549
521,2019-06-06,1.8948093904254584,0.0,22.9,12.1,84.0,38.0,60.5,924.2666666666668,17.020833333333332,2.5359183412805866
522,2019-06-07,1.2559345137195057,0.0,24.1,11.2,88.0,31.0,61.125,923.5500000000003,17.49375,2.6755529126082873
523,2019-06-08,0.5547303807495585,0.0,23.6,11.6,86.0,36.0,64.08333333333333,922.6166666666667,17.022916666666667,2.614682585098943
524,2019-06-09,1.330729621236301,0.0,23.6,11.7,91.0,39.0,66.08333333333333,923.8916666666664,17.381249999999998,2.647167739337754
525,2019-06-10,1.60497834879788,0.0,24.3,11.4,87.0,39.0,63.08333333333334,924.7333333333332,18.089583333333334,2.69932463421103
526,2019-06-11,1.6704240678750757,0.0,24.4,15.1,85.0,53.0,71.75,924.0625,19.0875,2.503137986411389
527,2019-06-12,1.6205606628638791,0.0,24.5,16.5,82.0,54.0,70.08333333333333,924.0833333333335,19.9375,2.3792533352762915
528,2019-06-13,1.7483356382050694,0.0,26.2,16.4,87.0,44.0,67.16666666666667,924.8666666666667,20.66875,2.5431910095945924
529,2019-06-14,1.5426490925338845,0.0,27.0,15.9,84.0,30.0,62.875,924.9958333333336,20.6,2.547117794098516
530,2019-06-15,1.4834362990830892,0.0,26.7,16.8,81.0,39.0,63.41666666666666,924.7458333333333,20.470833333333328,2.489208705184662
531,2019-06-16,0.897541290201533,0.0,25.6,14.6,86.0,36.0,62.16666666666666,925.0916666666667,19.820833333333333,2.547223017633824
532,2019-06-17,0.9037742158279326,0.0,25.5,13.3,86.0,40.0,64.5,924.3125,19.120833333333334,2.6480508235670417
533,2019-06-18,1.2870991418515036,0.0,26.0,13.7,88.0,40.0,64.75,923.3166666666666,19.310416666666672,2.679997810305548
534,2019-06-19,0.9442882323995294,0.0,26.8,15.9,78.0,31.0,53.5,922.9666666666667,21.154166666666672,2.4771991771313258
535,2019-06-20,0.6700395048379499,0.0,27.4,13.6,88.0,31.0,60.0,923.5208333333335,19.81875,2.7509603716434485
536,2019-06-21,1.8355965969746637,0.0,25.0,15.4,76.0,41.0,61.5,926.2916666666664,19.35416666666667,2.394211728235407
537,2019-06-22,1.1717900177631129,0.0,24.4,13.3,91.0,47.0,72.875,927.8666666666667,18.02083333333333,2.6069272328251087
538,2019-06-23,1.3556613237418988,0.0,24.9,15.5,84.0,44.0,67.75,925.8833333333333,19.170833333333334,2.4388430531334486
539,2019-06-24,0.8258626454979383,0.0,26.7,14.3,91.0,39.0,67.04166666666667,921.8250000000003,20.039583333333333,2.719760480661168
540,2019-06-25,0.9349388439599304,0.0,28.0,15.9,87.0,39.0,67.58333333333333,919.8333333333333,20.714583333333334,2.7166297909750994
541,2019-06-26,1.0253162655427237,0.0,29.2,17.5,80.0,28.0,59.58333333333334,920.5958333333334,22.00416666666667,2.5929127657724305
542,2019-06-27,1.2123040343347091,0.0,28.4,18.3,74.0,32.0,56.25,922.2833333333334,22.322916666666664,2.449935263474734
543,2019-06-28,1.87299415073306,0.0,26.5,18.2,79.0,34.0,59.08333333333334,923.375,21.568749999999994,2.318436761320781
544,2019-06-29,1.8605282994802608,0.0,26.1,16.2,77.0,44.0,63.58333333333334,923.275,19.84375,2.4821775551424614
545,2019-06-30,0.8040474058055399,0.0,27.3,14.5,87.0,27.0,60.125,922.5375,20.254166666666674,2.6698339305325676
546,2019-07-01,0.6544571907719511,0.0,27.4,14.6,89.0,30.0,61.875,921.0958333333334,20.370833333333334,2.7169236987203447
547,2019-07-02,0.5547303807495587,0.0,27.4,12.9,87.0,29.0,57.66666666666666,917.4458333333333,19.816666666666666,2.8063783534804583
548,2019-07-03,0.8227461826847386,0.0,28.9,13.4,85.0,26.0,54.29166666666666,916.2541666666666,20.166666666666664,2.879907078179091
549,2019-07-04,0.9536376208391288,0.0,28.8,13.9,77.0,22.0,49.25,916.9833333333336,20.847916666666666,2.7387459606180324
550,2019-07-05,1.2528180509063065,0.0,27.8,15.7,75.0,36.0,56.375,918.375,21.439583333333328,2.6523384062473494
551,2019-07-06,1.6205606628638791,0.0,23.6,14.3,84.0,25.0,55.33333333333334,920.85,18.679166666666667,2.3588362698089154
552,2019-07-07,1.137508926817915,0.0,23.2,7.3,77.0,23.0,49.125,923.3916666666668,15.172916666666667,2.705221673067938
553,2019-07-08,2.1036123989098425,0.0,21.4,10.4,71.0,38.0,54.45833333333334,926.1666666666665,15.385416666666664,2.4566929277907255
554,2019-07-09,1.7202874728862714,0.0,22.3,10.5,76.0,32.0,56.0,926.1416666666668,15.8875,2.5272262198865287
555,2019-07-10,1.402408265939895,0.0,22.8,11.0,75.0,33.0,56.08333333333334,924.9999999999997,16.37708333333333,2.5470858487095693
556,2019-07-11,0.7884650917395413,0.0,24.7,9.8,86.0,23.0,53.875,922.4041666666666,16.929166666666664,2.796720289258467
557,2019-07-12,0.7386016867283448,0.0,26.2,9.6,86.0,27.0,57.54166666666666,921.3250000000003,17.622916666666665,2.9827271628939234
558,2019-07-13,0.6201760998267536,0.0,28.9,11.5,89.0,19.0,55.375,921.2541666666666,19.347916666666666,3.0846834030411756
559,2019-07-14,0.657573653585151,0.0,28.9,13.3,83.0,23.0,52.16666666666666,920.2124999999997,20.495833333333334,2.9741595958631133
560,2019-07-15,0.5671962320023577,0.0,28.6,13.3,80.0,21.0,47.83333333333334,919.2916666666664,20.6625,2.915598221798368
561,2019-07-16,0.8539108108167361,0.0,28.3,14.1,73.0,26.0,47.91666666666666,918.8458333333333,20.8125,2.837728484699243
562,2019-07-17,1.4491552081378918,0.0,22.7,13.4,86.0,44.0,64.0,922.6916666666671,17.860416666666673,2.5715628831821467
563,2019-07-18,2.1846404320530364,0.0,22.0,13.2,71.0,38.0,56.45833333333334,925.75,16.59166666666667,2.4293426973391155
564,2019-07-19,2.2656684651962307,0.0,23.2,11.6,80.0,39.0,59.54166666666666,926.7916666666664,16.325,2.735154923879879
565,2019-07-20,2.14724287829464,0.0,22.2,12.9,80.0,38.0,59.16666666666666,926.1333333333336,17.025,2.5470603119974498
566,2019-07-21,2.536800729944611,0.0,23.2,13.2,81.0,38.0,64.41666666666667,925.3416666666666,17.1625,2.6442556276027807
567,2019-07-22,2.031933754206248,0.0,23.9,14.5,82.0,40.0,64.20833333333333,925.7,17.99375,2.640767137573769
568,2019-07-23,1.7202874728862714,0.0,25.2,14.7,82.0,33.0,61.875,925.1583333333333,18.745833333333326,2.7390875032226374
569,2019-07-24,1.243468662466707,0.0,27.5,14.7,77.0,30.0,55.5,923.9791666666667,20.14375,2.9371192386281577
570,2019-07-25,1.7639179522710686,0.0,25.8,15.3,70.0,44.0,57.25,923.8333333333333,19.929166666666667,2.783475314973379
571,2019-07-26,1.7763838035238677,0.0,25.4,15.9,80.0,31.0,57.79166666666666,925.5416666666665,19.481250000000006,2.688864189747065
572,2019-07-27,0.7759992404867421,0.0,25.1,11.8,78.0,32.0,54.16666666666666,926.3916666666668,18.202083333333334,2.9983413109435033
573,2019-07-28,1.1281595383783156,0.0,26.9,12.4,80.0,25.0,51.41666666666666,924.3000000000003,19.31458333333334,3.114015926711234
574,2019-07-29,1.6018618859846807,0.0,26.6,11.7,79.0,30.0,51.95833333333334,923.5166666666668,19.210416666666664,3.1917912264560577
575,2019-07-30,1.7452191753918698,0.0,26.2,16.3,77.0,35.0,57.83333333333334,922.5791666666668,20.216666666666672,2.825669685973951
576,2019-07-31,0.991035174597526,0.0,28.5,14.9,82.0,26.0,54.54166666666666,920.7833333333333,21.091666666666665,3.1903357876974905
577,2019-08-01,1.3992918031266954,0.0,29.4,0.0,73.0,0.0,50.79166666666666,920.4291666666667,19.447916666666664,3.8432229047194895
578,2019-08-02,1.044015042421922,0.0,30.5,14.7,78.0,16.0,47.08333333333334,920.7791666666667,22.25416666666667,3.332381367938884
579,2019-08-03,1.243468662466707,0.0,28.9,16.8,70.0,29.0,48.91666666666666,920.6125,22.35833333333333,3.0771252583739406
580,2019-08-04,2.596013523395406,0.0,24.2,16.8,73.0,47.0,62.83333333333334,923.9166666666664,20.07083333333333,2.6713331483652656
581,2019-08-05,2.577314746516207,0.0,23.5,13.3,77.0,44.0,64.125,928.2833333333334,17.26666666666667,2.975256231305842
582,2019-08-06,2.496286713373014,0.0,21.1,15.7,75.0,56.0,66.08333333333333,928.8916666666664,18.043750000000006,2.4465786988496516
583,2019-08-07,1.8200142829086643,0.0,25.6,17.1,77.0,45.0,64.16666666666667,927.9291666666664,20.07291666666667,2.8958289461379048
584,2019-08-08,1.5738137206658822,0.0,28.7,16.7,88.0,34.0,64.04166666666667,926.3166666666666,21.389583333333327,3.371986749912082
585,2019-08-09,1.5364161669074852,0.0,28.8,16.7,84.0,27.0,59.79166666666666,924.6541666666667,21.62708333333333,3.324635633772224
586,2019-08-10,1.4086411915662944,0.0,29.6,17.4,73.0,26.0,52.83333333333334,924.0124999999997,22.60416666666667,3.2830797170608825
587,2019-08-11,1.3525448609286992,0.0,30.1,16.5,80.0,29.0,52.41666666666666,923.6916666666666,23.06458333333333,3.5430645378752006
588,2019-08-12,1.3837094890606965,0.0,28.2,17.1,68.0,28.0,48.16666666666666,923.1166666666667,22.47083333333333,3.1716908670010997
589,2019-08-13,0.9972681002239254,0.0,30.6,14.4,77.0,22.0,48.29166666666666,921.9083333333334,21.910416666666666,3.7440325059792916
590,2019-08-14,2.050632531085447,0.0,26.6,17.0,78.0,37.0,58.45833333333334,923.8458333333333,21.28125,3.163490710384592
591,2019-08-15,2.2812507792622303,0.0,24.1,14.1,72.0,35.0,57.83333333333334,927.3833333333333,18.25,3.128302775308729
592,2019-08-16,1.960255109502654,0.0,24.7,12.1,75.0,31.0,54.45833333333334,926.5833333333335,17.547916666666666,3.418291841367243
593,2019-08-17,1.829363671348264,0.0,24.7,12.1,72.0,25.0,48.625,924.0208333333336,17.889583333333334,3.3822473187025786
594,2019-08-18,1.0253162655427237,0.0,28.2,12.7,72.0,24.0,45.20833333333334,921.6,20.039583333333333,3.741341626829224
595,2019-08-19,0.7261358354755456,0.0,30.8,14.5,73.0,21.0,44.625,919.9291666666667,22.20625,3.8994093599545394
596,2019-08-20,1.4117576543794943,0.0,28.9,19.3,62.0,32.0,45.79166666666666,921.125,23.46875,3.2251493325764393
597,2019-08-21,1.5613478694130831,0.0,29.1,17.9,74.0,33.0,58.0,922.125,22.62708333333333,3.536932786717788
598,2019-08-22,2.066214845151446,0.0,26.9,17.9,77.0,43.0,66.25,922.6375,20.766666666666666,3.328849904727285
599,2019-08-23,1.779500266337067,0.0,25.9,16.2,81.0,49.0,69.95833333333333,921.825,19.447916666666664,3.4759448425521855
600,2019-08-24,1.2559345137195057,0.0,27.5,13.4,90.0,25.0,62.45833333333334,922.5166666666668,19.5875,3.949102232032007
601,2019-08-25,2.1534758039210398,0.0,26.3,15.2,72.0,33.0,56.33333333333334,924.875,19.854166666666668,3.5492282265624726
602,2019-08-26,2.072447770777845,0.0,26.4,15.9,77.0,33.0,57.70833333333334,925.3333333333336,19.925,3.5444633448313594
603,2019-08-27,1.9633715723158536,0.0,28.0,15.4,74.0,29.0,54.79166666666666,924.9166666666667,20.245833333333334,3.8006718083444935
604,2019-08-28,2.072447770777845,0.0,25.6,15.1,74.0,33.0,56.91666666666666,924.045833333333,19.120833333333334,3.561424676340121
605,2019-08-29,2.0911465476570434,0.0,24.0,14.2,71.0,32.0,55.75,923.1291666666667,18.295833333333334,3.4476018195873874
606,2019-08-30,1.5270667784678864,0.0,28.5,14.6,73.0,27.0,52.83333333333334,921.6541666666667,20.166666666666668,4.0211084902913194
607,2019-08-31,1.6392594397430773,0.0,30.8,16.5,69.0,25.0,50.0,920.5041666666667,22.44375,4.106043038514915
608,2019-09-01,1.259050976532706,0.0,33.0,16.8,76.0,21.0,45.125,918.2583333333333,24.66458333333333,4.449027962582793
609,2019-09-02,1.4398058196982926,0.0,30.4,19.1,64.0,29.0,45.70833333333334,918.3958333333336,24.668750000000006,3.8096351475207895
610,2019-09-03,1.8636447622934609,0.0,33.6,19.8,65.0,22.0,45.41666666666666,919.6666666666665,25.60208333333333,4.164404216926831
611,2019-09-04,1.8449459854142618,0.0,33.7,20.6,59.0,18.0,38.375,921.2583333333336,26.34583333333333,4.00042222878057
612,2019-09-05,2.3279977214602265,0.0,30.1,17.9,70.0,31.0,51.25,922.9541666666668,24.14791666666667,4.070290666086121
613,2019-09-06,2.3778611264714233,0.0,26.1,18.8,75.0,46.0,63.79166666666666,924.6541666666666,21.41875,3.428164829783363
614,2019-09-07,1.8667612251066603,0.0,29.2,16.7,78.0,34.0,59.20833333333334,925.2541666666666,21.58333333333333,4.233450813179124
615,2019-09-08,2.324881258647027,0.0,27.5,17.2,75.0,38.0,59.0,925.1291666666667,21.435416666666665,3.9257906529242446
616,2019-09-09,1.7950825804030666,0.0,28.2,15.9,72.0,24.0,50.58333333333334,923.5958333333334,21.527083333333334,4.1046928709975266
617,2019-09-10,1.486552761896289,0.0,33.6,18.0,63.0,17.0,41.91666666666666,921.45,24.40833333333334,4.499447645695193
618,2019-09-11,1.5987454231714804,0.0,34.6,18.1,73.0,19.0,44.5,919.3625000000003,25.98125,4.829172849208521
619,2019-09-12,1.5332997040942853,0.0,35.4,19.2,68.0,15.0,40.208333333333336,918.8666666666667,26.8125,4.738633007762987
620,2019-09-13,1.5364161669074852,0.0,36.4,21.2,57.0,14.0,32.041666666666664,918.9958333333336,28.4,4.518994140113832
621,2019-09-14,2.6863909449781995,0.0,31.3,19.9,70.0,20.0,47.25,920.5291666666666,25.27500000000001,4.162310155514215
622,2019-09-15,2.0475160682722464,0.0,29.7,18.4,75.0,34.0,52.625,921.4875,23.4875,4.29515631089328
623,2019-09-16,2.109845324536242,0.0,29.4,19.0,64.0,30.0,50.95833333333334,921.0416666666667,23.15833333333333,4.062203387430375
624,2019-09-17,1.5769301834790823,0.0,33.7,18.7,65.0,15.0,44.79166666666666,918.475,24.64583333333333,4.662159398330231
625,2019-09-18,0.9661034720919276,0.0,34.5,18.6,64.0,13.0,36.04166666666666,915.9291666666664,26.38541666666667,4.783456983456493
626,2019-09-19,1.6454923653694769,0.0,35.0,22.0,46.0,16.0,30.625,915.6916666666664,27.81458333333333,4.27424878095112
627,2019-09-20,1.7701508778974675,0.0,34.4,21.6,53.0,19.0,38.708333333333336,917.3583333333332,27.35,4.400707195049927
628,2019-09-21,1.9976526632610505,0.0,34.7,22.3,57.0,23.0,43.29166666666666,917.9166666666665,27.325000000000006,4.487663400688761
629,2019-09-22,2.3965599033506204,0.0,31.2,21.4,64.0,36.0,51.20833333333334,919.4916666666664,25.33333333333333,4.222430602090643
630,2019-09-23,2.95129028410018,0.0,24.9,17.5,72.0,45.0,62.29166666666666,923.2625,21.0625,3.7802987001465667
631,2019-09-24,2.2874837048886283,0.0,28.9,14.5,70.0,28.0,53.04166666666666,923.8375,20.10416666666667,4.852633143429516
632,2019-09-25,2.14100995266824,0.0,21.1,16.0,87.0,52.0,69.29166666666667,921.5625,17.78125,3.349208086351583
633,2019-09-26,1.0627138193011207,0.0,18.0,15.9,91.0,68.0,83.54166666666667,920.65,16.96458333333333,2.4718317104720757
634,2019-09-27,0.7541840007943434,0.0,28.1,14.7,92.0,40.0,72.16666666666667,919.0833333333333,19.989583333333336,5.057086964913373
635,2019-09-28,1.913508167304657,0.0,27.7,17.3,82.0,44.0,66.25,919.5500000000003,21.5125,4.549591135219389
636,2019-09-29,1.8916929276122587,0.0,29.8,18.6,81.0,35.0,66.5,918.2208333333333,22.24375000000001,4.704130977079426
637,2019-09-30,1.9010423160518581,0.0,31.0,18.1,82.0,28.0,61.625,918.1791666666664,22.847916666666666,4.987858084684904
638,2019-10-01,2.159708729547438,0.0,31.1,18.0,78.0,27.0,52.54166666666666,918.4541666666668,23.74375,5.000273538187128
639,2019-10-02,2.01011851451385,0.0,31.9,17.3,77.0,22.0,45.91666666666666,918.0083333333333,24.025,5.211287097977864
640,2019-10-03,1.8916929276122585,0.0,31.4,18.5,54.0,25.0,41.41666666666666,918.3166666666666,23.625,4.764091175335333
641,2019-10-04,2.468238548054216,0.0,29.7,18.0,70.0,27.0,45.79166666666666,919.65,23.11875000000001,4.741740293638548
642,2019-10-05,2.324881258647026,0.0,30.5,17.9,75.0,26.0,53.75,918.65,23.079166666666666,4.965014975492113
643,2019-10-06,2.2126885973718347,0.0,31.2,18.7,69.0,32.0,51.625,917.6,23.781250000000004,4.996385258709705
644,2019-10-07,2.2376202998774333,0.0,31.1,19.3,67.0,33.0,50.08333333333334,918.1291666666664,24.57708333333333,4.895487406066304
645,2019-10-08,2.01011851451385,0.0,32.5,20.5,61.0,30.0,48.375,918.0375,25.12916666666667,4.9072902773367915
646,2019-10-09,1.9602551095026537,0.0,31.6,20.2,72.0,34.0,53.125,918.7708333333335,24.99583333333333,4.944596108357179
647,2019-10-10,2.2937166305150294,0.0,29.5,20.5,72.0,40.0,59.625,919.5125000000003,23.57708333333333,4.5087639370750265
648,2019-10-11,2.14724287829464,0.0,29.8,19.0,75.0,32.0,54.20833333333334,920.7583333333333,23.36666666666667,4.8310678710563
649,2019-10-12,1.9197410929310563,0.0,32.9,19.4,68.0,24.0,46.95833333333334,920.1833333333336,24.94583333333333,5.252964697605554
650,2019-10-13,2.2095721345586354,0.0,33.2,20.3,62.0,18.0,43.95833333333334,918.7791666666666,25.604166666666664,5.054792600876028
651,2019-10-14,2.193989820492636,0.0,32.5,19.8,59.0,14.0,40.54166666666666,918.125,25.241666666666664,4.942993160626738
652,2019-10-15,1.7639179522710682,0.0,33.5,20.1,48.0,15.0,34.25,918.6916666666667,25.547916666666666,4.960256472835017
653,2019-10-16,2.084913622030644,0.0,31.8,19.9,66.0,24.0,43.33333333333334,919.7625000000003,25.25833333333333,5.024298399974914
654,2019-10-17,2.1565922667342394,0.0,32.3,19.7,66.0,16.0,37.458333333333336,920.1458333333333,25.56666666666667,5.086054589395389
655,2019-10-18,1.4366893568850925,0.0,34.4,20.2,51.0,15.0,30.75,918.9250000000003,26.66875,5.198980698003137
656,2019-10-19,1.4834362990830892,0.0,36.0,20.8,61.0,20.0,35.375,916.8916666666664,27.63125,5.632633456929653
657,2019-10-20,1.7015886960070727,0.0,32.0,20.7,69.0,32.0,52.54166666666666,915.6625,25.33125,5.107463475086183
658,2019-10-21,1.7545685638314683,0.0,27.3,20.5,72.0,49.0,60.58333333333334,914.5,23.925000000000004,4.202985760530581
659,2019-10-22,1.2216534227743086,0.0,31.4,19.0,91.0,32.0,63.91666666666666,914.2583333333333,24.11666666666667,5.512733870342405
660,2019-10-23,1.6860063819410742,0.0,32.0,19.7,77.0,33.0,60.875,916.4375,24.4625,5.4198074102635
661,2019-10-24,2.084913622030644,0.0,31.4,20.3,74.0,36.0,59.95833333333334,918.4083333333334,24.11458333333333,5.1962173134364855
662,2019-10-25,1.2808662162251043,0.0,34.3,18.8,81.0,25.0,56.41666666666666,918.1791666666667,25.26041666666667,6.045641605378017
663,2019-10-26,2.097379473283443,0.0,35.3,16.6,84.0,25.0,56.33333333333334,918.7458333333333,24.99375,6.639149747331258
664,2019-10-27,1.5083680015886876,0.0,32.2,17.6,80.0,33.0,55.83333333333334,919.3125,24.12708333333333,5.915577857686588
665,2019-10-28,1.4086411915662949,0.0,33.9,19.9,89.0,27.0,58.54166666666666,918.4708333333334,24.91458333333333,5.942738867361652
666,2019-10-29,1.3681271749946975,0.0,33.1,18.3,92.0,30.0,68.58333333333333,917.4416666666664,22.75625,6.116942411884539
667,2019-10-30,1.0782961333671193,0.0,31.2,17.2,92.0,35.0,73.04166666666667,917.7625000000003,22.28125,5.951677610394883
668,2019-10-31,1.365010712181498,0.0,31.0,18.8,88.0,35.0,65.66666666666667,918.5,23.82708333333333,5.599788449542259
669,2019-11-01,1.287099141851504,0.0,30.9,18.7,90.0,40.0,68.08333333333333,918.4375,23.375,5.667458957751872
670,2019-11-02,1.929090481370656,0.0,29.1,18.5,89.0,43.0,69.04166666666667,918.825,22.56875,5.309931701698088
671,2019-11-03,1.7795002663370671,0.0,32.3,19.5,78.0,30.0,57.45833333333334,916.5499999999997,24.489583333333336,5.6665858346240565
672,2019-11-04,1.2465851252799065,0.0,35.0,20.9,71.0,21.0,46.70833333333334,915.1166666666667,27.375,5.837505323351369
673,2019-11-05,1.2123040343347096,0.0,35.4,21.5,83.0,28.0,50.95833333333334,915.9375,27.30625,6.063153540955887
674,2019-11-06,1.109460761499117,0.0,34.9,21.6,81.0,28.0,57.54166666666666,916.1666666666667,27.14583333333333,5.920781578429162
675,2019-11-07,2.035050217019448,0.0,31.3,22.3,74.0,36.0,56.58333333333334,916.8083333333336,26.15,4.946265497451767
676,2019-11-08,1.745219175391869,0.0,33.1,20.6,88.0,31.0,54.20833333333334,915.3625,26.05625,5.813668634656832
677,2019-11-09,1.3712436378078974,0.0,33.8,19.5,89.0,29.0,61.41666666666666,916.2125,25.80416666666667,6.17759979006389
678,2019-11-10,1.3369625468627004,0.0,34.6,20.1,82.0,24.0,50.83333333333334,916.8791666666667,26.625000000000004,6.130673056728839
679,2019-11-11,1.4647375222038903,0.0,35.1,21.5,70.0,21.0,45.875,915.975,27.65833333333333,5.829502499188005
680,2019-11-12,2.783001292187392,0.0,27.6,20.7,72.0,50.0,61.95833333333334,917.7125,23.57708333333333,4.464302272168111
681,2019-11-13,2.2563190767566312,0.0,30.6,19.9,87.0,39.0,62.79166666666666,917.8875000000003,23.89791666666667,5.460883357839543
682,2019-11-14,1.7514521010182695,0.0,30.8,20.0,89.0,42.0,72.08333333333333,916.775,22.90416666666667,5.536479168441437
683,2019-11-15,0.9193565298939314,0.0,25.4,19.0,92.0,65.0,85.54166666666667,915.166666666667,20.777083333333334,4.448327356949348
684,2019-11-16,0.910007141454332,0.0,28.5,18.8,92.0,50.0,78.29166666666667,913.0916666666667,21.91875,5.300612942596397
685,2019-11-17,1.8854600019858592,0.0,27.8,19.4,85.0,54.0,71.375,914.4958333333334,22.88541666666667,4.966157807584107
686,2019-11-18,1.234119274027108,0.0,22.8,18.8,91.0,75.0,84.25,918.0666666666667,20.597916666666666,3.677987382656173
687,2019-11-19,1.0502479680483214,0.0,28.7,18.7,91.0,49.0,81.04166666666667,918.7208333333334,21.339583333333334,5.384288341010271
688,2019-11-20,1.4834362990830892,0.0,24.0,19.2,90.0,59.0,77.08333333333333,918.9166666666665,21.029166666666665,3.9392737154091857
689,2019-11-21,2.284367242075429,0.0,28.7,19.2,80.0,44.0,67.20833333333333,918.4541666666664,22.61458333333333,5.1845239890690005
690,2019-11-22,1.8262472085350636,0.0,28.5,18.8,84.0,48.0,71.79166666666667,917.2583333333336,22.391666666666666,5.280091618502199
691,2019-11-23,1.084529058993519,0.0,30.2,17.9,92.0,44.0,79.54166666666667,916.3958333333336,22.21041666666667,5.9243116373588345
692,2019-11-24,0.8476778851903365,0.0,27.0,18.6,92.0,55.0,83.875,915.8416666666666,20.983333333333334,5.026505547698318
693,2019-11-25,1.6860063819410736,0.0,26.7,17.1,87.0,54.0,71.75,917.0083333333333,20.90625,5.270287906178263
694,2019-11-26,2.14412641548144,0.0,28.9,18.1,82.0,45.0,67.66666666666667,917.8583333333336,22.07708333333333,5.520138088852683
695,2019-11-27,1.6828899191278743,0.0,29.9,17.5,80.0,39.0,62.91666666666666,917.3541666666665,22.63125,5.820260494487186
696,2019-11-28,1.2839826790383038,0.0,31.9,18.7,88.0,40.0,67.75,915.2916666666665,23.85833333333333,6.141736146678157
697,2019-11-29,1.1156936871255163,0.0,26.7,19.6,91.0,62.0,80.75,916.1,22.02916666666666,4.734441772108717
698,2019-11-30,1.040898579608722,0.0,28.3,19.4,91.0,52.0,79.33333333333333,916.7083333333335,22.806249999999995,5.197712899563887
699,2019-12-01,1.1406253896311145,0.0,29.4,19.7,92.0,47.0,76.95833333333333,916.4291666666667,23.27916666666667,5.404555541461509
700,2019-12-02,0.9879187117843264,0.0,30.1,19.2,92.0,49.0,79.45833333333333,915.7583333333336,22.770833333333336,5.717260701392554
701,2019-12-03,1.9415563326234555,0.0,25.4,19.2,91.0,65.0,80.58333333333333,915.9833333333336,21.529166666666665,4.472080414083821
702,2019-12-04,2.125427638602241,0.0,27.4,18.6,89.0,56.0,73.75,917.625,22.114583333333336,5.170099503534544
703,2019-12-05,1.0408985796087222,0.0,27.3,19.3,91.0,65.0,83.54166666666667,916.8125,21.99791666666667,5.0273086325532885
704,2019-12-06,1.1593241665103131,0.0,28.9,19.4,92.0,54.0,82.125,915.0791666666668,22.55625,5.401883651967609
705,2019-12-07,0.7043205957831474,0.0,26.6,20.3,92.0,66.0,87.75,915.55,21.704166666666666,4.551065073656257
706,2019-12-08,1.935323406997056,0.0,24.1,18.5,90.0,64.0,77.45833333333333,917.645833333333,20.4625,4.269958168482487
707,2019-12-09,1.6579582166222766,0.0,27.7,18.3,84.0,55.0,75.16666666666667,917.8333333333335,21.68333333333333,5.30276975960663
708,2019-12-10,1.0097339514767247,0.0,25.6,19.7,91.0,68.0,83.41666666666667,917.5583333333333,21.454166666666673,4.415724480140594
709,2019-12-11,0.6326419510795529,0.0,28.0,19.4,92.0,56.0,78.875,916.0916666666664,22.31875,5.177694725999625
710,2019-12-12,0.9349388439599301,0.0,27.2,19.1,92.0,61.0,83.625,915.6208333333334,21.73958333333333,5.052974293000451
711,2019-12-13,0.9816857861579268,0.0,31.3,18.5,92.0,39.0,72.58333333333333,916.5791666666668,23.685416666666665,6.121154270544706
712,2019-12-14,1.8885764647990588,0.0,30.2,18.9,88.0,43.0,64.41666666666667,919.9500000000003,24.4125,5.770662708983897
713,2019-12-15,2.661459242472601,0.0,29.0,20.2,77.0,32.0,56.08333333333334,920.6916666666666,24.1875,5.028761325914027
714,2019-12-16,1.7234039356994713,0.0,30.0,18.7,77.0,26.0,56.66666666666666,918.8708333333336,23.90625,5.543336841419556
715,2019-12-17,1.6112112744242797,0.0,31.2,20.3,78.0,28.0,55.83333333333334,916.6958333333333,25.12291666666667,5.528719501589911
716,2019-12-18,1.3213802327967008,0.0,32.4,20.8,70.0,28.0,52.20833333333334,916.5708333333336,26.097916666666666,5.6381498539933546
717,2019-12-19,1.7576850266446689,0.0,30.5,19.9,89.0,43.0,67.45833333333333,918.3708333333333,24.0875,5.647679576409623
718,2019-12-20,1.6299100513034783,0.0,30.7,19.7,88.0,42.0,66.04166666666667,918.475,24.44791666666667,5.728218109502857
719,2019-12-21,0.9318223811467304,0.0,29.2,20.0,91.0,46.0,69.45833333333333,917.9708333333333,23.9125,5.314977679370993
720,2019-12-22,1.1967217202687106,0.0,32.9,20.3,84.0,34.0,59.45833333333334,916.8625,25.975000000000005,6.050617026351493
721,2019-12-23,1.081412596180319,0.0,25.9,19.0,91.0,59.0,78.58333333333333,917.9916666666667,22.360416666666666,4.693229479935655
722,2019-12-24,0.9287059183335304,0.0,24.6,17.6,91.0,65.0,81.29166666666667,918.0833333333336,21.237500000000004,4.7115682678018524
723,2019-12-25,1.2746332905987048,0.0,30.3,17.4,91.0,36.0,67.5,917.7166666666667,23.354166666666664,6.075449008917076
724,2019-12-26,1.5893960347318807,0.0,30.4,20.8,79.0,37.0,60.54166666666666,918.6750000000003,24.989583333333336,5.307483336775798
725,2019-12-27,1.87922707635946,0.0,29.1,19.9,83.0,40.0,60.20833333333334,919.5666666666666,24.0,5.22248649737518
726,2019-12-28,1.4678539850170902,0.0,28.6,19.7,88.0,44.0,65.58333333333333,918.8416666666667,23.24791666666667,5.192261821901221
727,2019-12-29,1.1811394062027116,0.0,29.4,18.8,90.0,40.0,72.66666666666667,917.5208333333335,22.43333333333333,5.5907725105014405
728,2019-12-30,1.6205606628638791,0.0,29.3,18.1,84.0,32.0,61.375,915.8666666666664,22.85208333333333,5.608759459455809
729,2019-12-31,1.760801489457868,0.0,29.9,18.8,79.0,37.0,59.125,915.2041666666668,23.981250000000006,5.607520954160221
